FIPS,Admin2,Province_State,Country_Region,Last_Update,Lat,Long_,Confirmed,Deaths,Recovered,Active,Combined_Key,Incidence_Rate,Case-Fatality_Ratio
,,Abruzzo,Italy,2020-07-09 04:34:23,42.35122196,13.39843823,3310,464,2701,145,"Abruzzo, Italy",252.36737370194732,14.018126888217523
,,Acre,Brazil,2020-07-09 04:34:23,-9.0238,-70.812,15167,404,8604,6159,"Acre, Brazil",1719.7412507724493,2.663677721368761
,,Adygea Republic,Russia,2020-07-09 04:34:23,44.6939006,40.1520421,2167,14,1601,552,"Adygea Republic, Russia",477.96972049689435,0.6460544531610521
,,Aguascalientes,Mexico,2020-07-09 04:34:23,21.8853,-102.2916,2731,175,2207,349,"Aguascalientes, Mexico",190.36200845511232,6.407909190772611
,,Aichi,Japan,2020-07-09 04:34:23,35.035551,137.211621,527,34,480,13,"Aichi, Japan",6.978063061828419,6.451612903225806
,,Akita,Japan,2020-07-09 04:34:23,39.748678999999996,140.408228,16,0,16,0,"Akita, Japan",1.6554749661144967,0.0
,,Alagoas,Brazil,2020-07-09 04:34:23,-9.5713,-36.782,42322,1213,34309,6800,"Alagoas, Brazil",1268.129241192956,2.8661216388639477
,,Alberta,Canada,2020-07-09 04:34:23,53.9333,-116.5765,8482,158,7716,608,"Alberta, Canada",192.1984906005829,1.8627682150436218
,,Altai Krai,Russia,2020-07-09 04:34:23,52.6932243,82.69314240000001,4897,49,3496,1352,"Altai Krai, Russia",208.3758850762528,1.0006126199714112
,,Altai Republic,Russia,2020-07-09 04:34:23,50.7114101,86.8572186,936,1,449,486,"Altai Republic, Russia",429.23375354828653,0.10683760683760683
,,Amapa,Brazil,2020-07-09 04:34:23,0.902,-52.003,30524,462,19372,10690,"Amapa, Brazil",3609.185426571806,1.5135630978901848
,,Amazonas,Brazil,2020-07-09 04:34:23,-3.4168,-65.8561,80082,2967,66256,10859,"Amazonas, Brazil",1932.20233475052,3.7049524237656404
,,Amazonas,Colombia,2020-07-09 04:34:23,-1.4429,-71.5724,2391,99,2089,203,"Amazonas, Colombia",3121.858230294168,4.1405269761606025
,,Amazonas,Peru,2020-07-09 04:34:23,-5.077253,-78.050172,3083,90,0,2993,"Amazonas, Peru",722.3523898781633,2.9192345118391176
,,Amur Oblast,Russia,2020-07-09 04:34:23,52.8032368,128.437295,1944,20,1002,922,"Amur Oblast, Russia",243.4796549201928,1.02880658436214
,,Ancash,Peru,2020-07-09 04:34:23,-9.407125,-77.67179499999997,9071,527,0,8544,"Ancash, Peru",768.3381331526343,5.8097232940138905
,,Andalusia,Spain,2020-07-09 04:34:23,37.5443,-4.7278,13303,1434,10671,1198,"Andalusia, Spain",157.8540487848869,10.779523415770878
,,Andaman and Nicobar Islands,India,2020-07-09 04:34:23,11.225999,92.96817800000001,149,0,77,72,"Andaman and Nicobar Islands, India",35.72833040792641,0.0
,,Andhra Pradesh,India,2020-07-09 04:34:23,15.9129,79.74,22259,264,11101,10894,"Andhra Pradesh, India",41.29424654214253,1.1860371085852914
,,Anguilla,United Kingdom,2020-07-09 04:34:23,18.2206,-63.0686,3,0,3,0,"Anguilla, United Kingdom",19.99733368884149,0.0
,,Anhui,China,2020-07-09 04:34:23,31.8257,117.2264,991,6,985,0,"Anhui, China",1.5670461733080334,0.6054490413723511
,,Antioquia,Colombia,2020-07-09 04:34:23,7.1986,-75.3412,6773,62,2361,4350,"Antioquia, Colombia",105.71081902551262,0.9153993798907426
,,Antofagasta,Chile,2020-07-09 04:34:23,-23.6509,-70.3975,10825,197,8782,1846,"Antofagasta, Chile",1781.7932823512756,1.8198614318706698
,,Aomori,Japan,2020-07-09 04:34:23,40.781541,140.828896,30,1,26,3,"Aomori, Japan",2.406987967467151,3.3333333333333335
,,Apurimac,Peru,2020-07-09 04:34:23,-14.027713,-72.975378,603,21,0,582,"Apurimac, Peru",140.00464360343628,3.482587064676617
,,Aragon,Spain,2020-07-09 04:34:23,41.5976,-0.9057,6578,913,3772,1893,"Aragon, Spain",498.1122017043949,13.879598662207357
,,Arauca,Colombia,2020-07-09 04:34:23,7.0762,-70.7105,121,0,8,113,"Arauca, Colombia",46.15255517328187,0.0
,,Araucania,Chile,2020-07-09 04:34:23,-38.9489,-72.3311,3482,46,3147,289,"Araucania, Chile",363.7602065974109,1.321079839172889
,,Arequipa,Peru,2020-07-09 04:34:23,-15.843523999999999,-72.475539,8144,343,0,7801,"Arequipa, Peru",543.8760518231602,4.211689587426326
,,Arica y Parinacota,Chile,2020-07-09 04:34:23,-18.594,-69.4785,2179,24,1673,482,"Arica y Parinacota, Chile",963.869278270255,1.101422670949977
,,Arkhangelsk Oblast,Russia,2020-07-09 04:34:23,63.5589686,43.1221646,6534,81,3518,2935,"Arkhangelsk Oblast, Russia",565.7005717610309,1.2396694214876034
,,Aruba,Netherlands,2020-07-09 04:34:23,12.5211,-69.9683,105,3,98,4,"Aruba, Netherlands",98.34591536631511,2.857142857142857
,,Arunachal Pradesh,India,2020-07-09 04:34:23,27.768456,96.384277,287,2,109,176,"Arunachal Pradesh, India",18.27492362100737,0.6968641114982579
,,Assam,India,2020-07-09 04:34:23,26.357149,92.83044100000001,13336,16,8729,4591,"Assam, India",37.453268720266244,0.11997600479904019
,,Astrakhan Oblast,Russia,2020-07-09 04:34:23,47.1878186,47.608851,3773,35,2471,1267,"Astrakhan Oblast, Russia",370.8057088158001,0.9276437847866419
,,Asturias,Spain,2020-07-09 04:34:23,43.3614,-5.8593,2436,334,1063,1039,"Asturias, Spain",238.30836280393854,13.711001642036125
,,Atacama,Chile,2020-07-09 04:34:23,-27.5661,-70.0503,1357,7,1015,335,"Atacama, Chile",469.6411761448585,0.5158437730287398
,,Atlantico,Colombia,2020-07-09 04:34:23,10.6966,-74.8741,28732,1670,10476,16586,"Atlantico, Colombia",1133.1811224298633,5.812334679103438
,,Australian Capital Territory,Australia,2020-07-09 04:34:23,-35.4735,149.0124,112,3,105,4,"Australian Capital Territory, Australia",26.162111656155105,2.6785714285714284
,,Ayacucho,Peru,2020-07-09 04:34:23,-14.091648000000001,-74.08344,2077,32,0,2045,"Ayacucho, Peru",310.83507931756964,1.5406836783822822
,,Aysen,Chile,2020-07-09 04:34:23,-45.9864,-73.7669,49,0,38,11,"Aysen, Chile",47.499951530661704,0.0
,,Azad Jammu and Kashmir,Pakistan,2020-07-09 04:34:23,34.027401,73.947253,1459,40,828,591,"Azad Jammu and Kashmir, Pakistan",36.065957938045656,2.7416038382453736
,,Baden-Wurttemberg,Germany,2020-07-09 04:34:23,48.6616,9.3501,35952,1838,33575,539,"Baden-Wurttemberg, Germany",324.78334903559164,5.112372051624388
,,Bahia,Brazil,2020-07-09 04:34:23,-12.5797,-41.7007,95536,2277,66550,26709,"Bahia, Brazil",642.3424252057276,2.383394741249372
,,Baja California,Mexico,2020-07-09 04:34:23,30.8406,-115.2838,10286,2189,7505,592,"Baja California, Mexico",282.98139024580814,21.281353295741784
,,Baja California Sur,Mexico,2020-07-09 04:34:23,26.0444,-111.6661,1937,93,1489,355,"Baja California Sur, Mexico",240.70843088424613,4.801239029426949
,,Baleares,Spain,2020-07-09 04:34:23,39.710358,2.995148,2240,224,1533,483,"Baleares, Spain",188.5172779451617,10.0
,,Balochistan,Pakistan,2020-07-09 04:34:23,28.328492,65.898403,11052,124,6658,4270,"Balochistan, Pakistan",89.53041733552553,1.1219688744118712
,,Bashkortostan Republic,Russia,2020-07-09 04:34:23,54.8573563,57.1439682,5731,19,3595,2117,"Bashkortostan Republic, Russia",141.0432375907915,0.33153027394870005
,,Basilicata,Italy,2020-07-09 04:34:23,40.63947052,15.80514834,405,27,373,5,"Basilicata, Italy",71.9527989638797,6.666666666666667
,,Bayern,Germany,2020-07-09 04:34:23,48.7904,11.4979,48953,2607,45500,846,"Bayern, Germany",374.3522554316177,5.3255163115641535
,,Beijing,China,2020-07-09 04:34:23,40.1824,116.4142,929,9,645,275,"Beijing, China",4.312906220984217,0.9687836383207751
,,Belgorod Oblast,Russia,2020-07-09 04:34:23,50.7080119,37.5837615,4950,42,4221,687,"Belgorod Oblast, Russia",319.3803891408087,0.8484848484848485
,,Berlin,Germany,2020-07-09 04:34:23,52.52,13.405,8536,215,7828,493,"Berlin, Germany",234.1949931217567,2.518744142455483
,,Bermuda,United Kingdom,2020-07-09 04:34:23,32.3078,-64.7505,149,9,137,3,"Bermuda, United Kingdom",239.26902509916016,6.040268456375839
,,Bihar,India,2020-07-09 04:34:23,25.679658,85.60484,13189,107,9554,3528,"Bihar, India",10.568115240709355,0.8112821290469331
,,Biobio,Chile,2020-07-09 04:34:23,-37.4464,-72.1416,7816,65,6386,1365,"Biobio, Chile",502.0538860037063,0.8316274309109519
,,Blekinge,Sweden,2020-07-09 04:34:23,56.2784,15.018,465,14,0,451,"Blekinge, Sweden",291.3424307356866,3.010752688172043
,,Bolivar,Colombia,2020-07-09 04:34:23,8.6704,-74.03,10945,440,5641,4864,"Bolivar, Colombia",528.7158653404891,4.0201005025125625
,,"Bonaire, Sint Eustatius and Saba",Netherlands,2020-07-09 04:34:23,12.1784,-68.2385,7,0,7,0,"Bonaire, Sint Eustatius and Saba, Netherlands",26.696159566759466,0.0
,,Boyaca,Colombia,2020-07-09 04:34:23,5.4545,-73.362,444,18,247,179,"Boyaca, Colombia",36.47188707515181,4.054054054054054
,,Brandenburg,Germany,2020-07-09 04:34:23,52.4125,12.5316,3502,172,3300,30,"Brandenburg, Germany",139.41543450679302,4.911479154768704
,,Bremen,Germany,2020-07-09 04:34:23,53.0793,8.8017,1687,54,1599,34,"Bremen, Germany",247.00359890246654,3.200948429164197
,,British Columbia,Canada,2020-07-09 04:34:23,53.7267,-127.6476,3008,186,2660,162,"British Columbia, Canada",58.85440910114565,6.183510638297872
,,British Virgin Islands,United Kingdom,2020-07-09 04:34:23,18.4207,-64.64,8,1,7,0,"British Virgin Islands, United Kingdom",26.457651222012768,12.5
,,Bryansk Oblast,Russia,2020-07-09 04:34:23,52.8873315,33.41585300000001,6603,35,4809,1759,"Bryansk Oblast, Russia",545.2599625758269,0.5300620929880357
,,Buryatia Republic,Russia,2020-07-09 04:34:23,52.7182426,109.492143,3219,22,2335,862,"Buryatia Republic, Russia",326.96435083000597,0.6834420627524076
,,C. Valenciana,Spain,2020-07-09 04:34:23,39.484,-0.7533,11701,1432,9970,299,"C. Valenciana, Spain",235.19744545141893,12.238270233313392
,,Cajamarca,Peru,2020-07-09 04:34:23,-6.4302839999999994,-78.74559599999998,3012,114,0,2898,"Cajamarca, Peru",207.19543234505053,3.7848605577689245
,,Calabria,Italy,2020-07-09 04:34:23,38.90597598,16.59440194,1185,97,1060,28,"Calabria, Italy",60.85877118694121,8.185654008438819
,,Caldas,Colombia,2020-07-09 04:34:23,5.2983,-75.2479,278,8,202,68,"Caldas, Colombia",27.848595799670424,2.8776978417266186
,,Callao,Peru,2020-07-09 04:34:23,-11.954609,-77.136042,18621,683,0,17938,"Callao, Peru",1648.0219488450305,3.6679018312657754
,,Campania,Italy,2020-07-09 04:34:23,40.83956555,14.25084984,4750,432,4090,228,"Campania, Italy",81.87266749079406,9.094736842105263
,,Campeche,Mexico,2020-07-09 04:34:23,19.8301,-90.5349,2606,270,2079,257,"Campeche, Mexico",260.4393089463801,10.360706062931696
,,Canarias,Spain,2020-07-09 04:34:23,28.2916,-16.6291,2444,162,1537,745,"Canarias, Spain",110.74352678257885,6.62847790507365
,,Cantabria,Spain,2020-07-09 04:34:23,43.1828,-3.9878,2369,216,2287,-134,"Cantabria, Spain",407.2959093323888,9.117771211481637
,,Capital District,Colombia,2020-07-09 04:34:23,4.711,-74.0721,39248,931,15228,23089,"Capital District, Colombia",529.4792653448212,2.372095393395842
,,Caqueta,Colombia,2020-07-09 04:34:23,0.8699,-73.8419,67,2,23,42,"Caqueta, Colombia",16.687879369048716,2.985074626865672
,,Casanare,Colombia,2020-07-09 04:34:23,5.7589,-71.5724,88,0,49,39,"Casanare, Colombia",20.927268230504342,0.0
,,Castilla - La Mancha,Spain,2020-07-09 04:34:23,39.2796,-3.0977,18307,3029,6392,8886,"Castilla - La Mancha, Spain",899.6612571668951,16.545583656524826
,,Castilla y Leon,Spain,2020-07-09 04:34:23,41.8357,-4.3976,19778,2788,8716,8274,"Castilla y Leon, Spain",821.4365961674323,14.096470826170492
,,Catalonia,Spain,2020-07-09 04:34:23,41.5912,1.5209,63042,5675,26203,31164,"Catalonia, Spain",833.1801347293064,9.001935217791313
,,Cauca,Colombia,2020-07-09 04:34:23,2.705,-76.82600000000002,599,22,188,389,"Cauca, Colombia",40.901666657562224,3.672787979966611
,,Cayman Islands,United Kingdom,2020-07-09 04:34:23,19.3133,-81.2546,201,1,197,3,"Cayman Islands, United Kingdom",305.8429701765064,0.4975124378109453
,,Ceara,Brazil,2020-07-09 04:34:23,-5.4984,-39.3206,128471,6665,102145,19661,"Ceara, Brazil",1406.8101477013226,5.1879412474410564
,,Cesar,Colombia,2020-07-09 04:34:23,9.3373,-73.6536,1341,34,683,624,"Cesar, Colombia",111.69657180648588,2.535421327367636
,,Ceuta,Spain,2020-07-09 04:34:23,35.8894,-5.3213,163,4,163,-4,"Ceuta, Spain",192.15126902356502,2.4539877300613497
,,Chandigarh,India,2020-07-09 04:34:23,30.733839,76.76827800000002,513,7,402,104,"Chandigarh, India",44.28243040623303,1.364522417153996
,,Channel Islands,United Kingdom,2020-07-09 04:34:23,49.3723,-2.3644,577,47,512,18,"Channel Islands, United Kingdom",338.418407146083,8.145580589254767
,,Chechen Republic,Russia,2020-07-09 04:34:23,43.39761470000001,45.6985005,1801,25,1225,551,"Chechen Republic, Russia",125.33220689765557,1.38811771238201
,,Chelyabinsk Oblast,Russia,2020-07-09 04:34:23,54.4223954,61.1865846,8262,88,4380,3794,"Chelyabinsk Oblast, Russia",236.52776553118838,1.065117404986686
,,Cherkasy Oblast,Ukraine,2020-07-09 04:34:23,49.4444,32.0598,695,27,529,139,"Cherkasy Oblast, Ukraine",57.61175644567792,3.884892086330935
,,Chernihiv Oblast,Ukraine,2020-07-09 04:34:23,51.4982,31.2893,578,13,196,369,"Chernihiv Oblast, Ukraine",57.469835793367096,2.2491349480968856
,,Chernivtsi Oblast,Ukraine,2020-07-09 04:34:23,48.2917,25.9352,5051,192,2386,2473,"Chernivtsi Oblast, Ukraine",558.5078739548019,3.8012274797069887
,,Chhattisgarh,India,2020-07-09 04:34:23,21.264705,82.035366,3525,14,2835,676,"Chhattisgarh, India",11.975038516310056,0.3971631205673759
,,Chiapas,Mexico,2020-07-09 04:34:23,16.7569,-93.1292,5050,685,4084,281,"Chiapas, Mexico",88.12699081926166,13.564356435643564
,,Chiba,Japan,2020-07-09 04:34:23,35.510141,140.198917,1043,46,895,102,"Chiba, Japan",16.662986857168967,4.410354745925216
,,Chihuahua,Mexico,2020-07-09 04:34:23,28.63300000000001,-106.0691,3552,697,2665,190,"Chihuahua, Mexico",93.43712078983827,19.62274774774775
,,Choco,Colombia,2020-07-09 04:34:23,5.2528,-76.82600000000002,2002,63,736,1203,"Choco, Colombia",374.3273513254778,3.1468531468531467
,,Chongqing,China,2020-07-09 04:34:23,30.0572,107.874,582,6,575,1,"Chongqing, China",1.8762088974854931,1.0309278350515463
,,Chukotka Autonomous Okrug,Russia,2020-07-09 04:34:23,66.0006475,169.4900869,142,1,137,4,"Chukotka Autonomous Okrug, Russia",287.7522898597714,0.704225352112676
,,Chuvashia Republic,Russia,2020-07-09 04:34:23,55.4259922,47.0849429,5590,43,3080,2467,"Chuvashia Republic, Russia",454.05919989732905,0.7692307692307693
,,Ciudad de Mexico,Mexico,2020-07-09 04:34:23,19.4326,-99.1332,54405,7303,42980,4122,"Ciudad de Mexico, Mexico",603.2502665311697,13.423398584688908
,,Coahuila,Mexico,2020-07-09 04:34:23,27.0587,-101.7068,6484,318,4936,1230,"Coahuila, Mexico",201.4465377541383,4.904380012338063
,,Colima,Mexico,2020-07-09 04:34:23,19.1223,-104.0072,757,94,497,166,"Colima, Mexico",96.41432943642832,12.417437252311757
,,Coquimbo,Chile,2020-07-09 04:34:23,-29.959,-71.3389,3688,27,2967,694,"Coquimbo, Chile",486.80941833666407,0.7321041214750542
,,Cordoba,Colombia,2020-07-09 04:34:23,8.0493,-75.574,1187,92,294,801,"Cordoba, Colombia",66.50668456613494,7.750631844987363
,,Crimea Republic*,Ukraine,2020-07-09 04:34:23,45.2835,34.2008,789,12,596,181,"Crimea Republic*, Ukraine",41.22836490603957,1.520912547528517
,,Cundinamarca,Colombia,2020-07-09 04:34:23,5.026,-74.03,3327,81,1686,1560,"Cundinamarca, Colombia",113.97504676162876,2.434625788999098
,,Curacao,Netherlands,2020-07-09 04:34:23,12.1696,-68.99,23,1,19,3,"Curacao, Netherlands",14.015843997562461,4.3478260869565215
,,Cusco,Peru,2020-07-09 04:34:23,-13.191068,-72.153609,2059,23,0,2036,"Cusco, Peru",151.72058064991526,1.117047110247693
,,Dadra and Nagar Haveli and Daman and Diu,India,2020-07-09 04:34:23,20.194742,73.080901,408,0,184,224,"Dadra and Nagar Haveli and Daman and Diu, India",66.26345570417915,0.0
,,Dagestan Republic,Russia,2020-07-09 04:34:23,43.05749160000001,47.1332224,8280,400,6354,1526,"Dagestan Republic, Russia",270.2451299575539,4.830917874396135
,,Dalarna,Sweden,2020-07-09 04:34:23,61.0917,14.6664,1817,159,0,1658,"Dalarna, Sweden",630.9772681497121,8.750687947165657
,,Delhi,India,2020-07-09 04:34:23,28.646519,77.10898,104864,3213,78199,23452,"Delhi, India",560.4427189638224,3.0639685688129386
,,Diamond Princess,Canada,2020-07-09 04:34:23,,,0,1,0,,"Diamond Princess, Canada",,
88888,,Diamond Princess,US,2020-07-09 04:34:23,,,49,0,0,49,"Diamond Princess, US",,0.0
,,Distrito Federal,Brazil,2020-07-09 04:34:23,-15.7998,-47.8645,64314,801,50879,12634,"Distrito Federal, Brazil",2132.9447332708073,1.2454520011195074
,,Dnipropetrovsk Oblast,Ukraine,2020-07-09 04:34:23,48.4647,35.0462,1120,23,1000,97,"Dnipropetrovsk Oblast, Ukraine",34.929300911873064,2.0535714285714284
,,Donetsk Oblast,Ukraine,2020-07-09 04:34:23,48.0159,37.8028,713,10,203,500,"Donetsk Oblast, Ukraine",17.11514507905973,1.402524544179523
,,Durango,Mexico,2020-07-09 04:34:23,24.5593,-104.6588,2447,166,1838,443,"Durango, Mexico",130.92590888370012,6.78381691867593
,,Ehime,Japan,2020-07-09 04:34:23,33.624835,132.856842,82,5,77,0,"Ehime, Japan",6.122989960536582,6.097560975609756
,,Emilia-Romagna,Italy,2020-07-09 04:34:23,44.49436681,11.341720800000001,28755,4269,23415,1071,"Emilia-Romagna, Italy",644.8065546699759,14.846113719353156
,,England,United Kingdom,2020-07-09 04:34:23,52.3555,-1.1743,246992,39936,0,207056,"England, United Kingdom",441.23678926420035,16.168944743149577
,,Espirito Santo,Brazil,2020-07-09 04:34:23,-19.1834,-40.3089,58537,1911,38609,18017,"Espirito Santo, Brazil",1456.6334465554353,3.2646018757367137
,,Extremadura,Spain,2020-07-09 04:34:23,39.4937,-6.0679,3076,519,2652,-95,"Extremadura, Spain",288.71134872126026,16.87256176853056
,,Falkland Islands (Malvinas),United Kingdom,2020-07-09 04:34:23,-51.7963,-59.5236,13,0,13,0,"Falkland Islands (Malvinas), United Kingdom",373.2414585127763,0.0
,,Faroe Islands,Denmark,2020-07-09 04:34:23,61.8926,-6.9118,188,0,188,0,"Faroe Islands, Denmark",384.7334492990893,0.0
,,French Guiana,France,2020-07-09 04:34:23,4.0,-53.0,5459,22,2349,3088,"French Guiana, France",1827.696345946525,0.40300421322586555
,,French Polynesia,France,2020-07-09 04:34:23,-17.6797,-149.4068,62,0,60,2,"French Polynesia, France",22.071597414063167,0.0
,,Friuli Venezia Giulia,Italy,2020-07-09 04:34:23,45.6494354,13.76813649,3331,345,2904,82,"Friuli Venezia Giulia, Italy",274.1067461035862,10.357250075052537
,,Fujian,China,2020-07-09 04:34:23,26.0789,117.9874,363,1,360,2,"Fujian, China",0.9210860187769602,0.27548209366391185
,,Fukui,Japan,2020-07-09 04:34:23,35.846614,136.22465400000002,122,8,114,0,"Fukui, Japan",15.886719874156348,6.557377049180328
,,Fukuoka,Japan,2020-07-09 04:34:23,33.526032,130.666949,894,33,807,54,"Fukuoka, Japan",17.516775643609247,3.6912751677852347
,,Fukushima,Japan,2020-07-09 04:34:23,37.378867,140.223295,82,0,81,1,"Fukushima, Japan",4.443194570199494,0.0
,,Galicia,Spain,2020-07-09 04:34:23,42.5751,-8.1339,9371,619,9204,-452,"Galicia, Spain",347.0173945662948,6.605485006936293
,,Gansu,China,2020-07-09 04:34:23,35.7518,104.2861,167,2,162,3,"Gansu, China",0.6332954114524081,1.1976047904191616
,,Gavleborg,Sweden,2020-07-09 04:34:23,61.3012,16.1534,2726,139,0,2587,"Gavleborg, Sweden",948.5632363891963,5.099046221570066
,,Gibraltar,United Kingdom,2020-07-09 04:34:23,36.1408,-5.3536,179,0,176,3,"Gibraltar, United Kingdom",531.2991600130598,0.0
,,Gifu,Japan,2020-07-09 04:34:23,35.778671,137.055925,163,7,147,9,"Gifu, Japan",8.205027013667161,4.294478527607362
,,Gilgit-Baltistan,Pakistan,2020-07-09 04:34:23,35.792146,74.982138,1605,31,1272,302,"Gilgit-Baltistan, Pakistan",158.34898735575936,1.9314641744548287
,,Goa,India,2020-07-09 04:34:23,15.359682000000001,74.057396,2039,8,1207,824,"Goa, India",128.54215918045705,0.392349190779794
,,Goias,Brazil,2020-07-09 04:34:23,-15.827,-49.8362,32664,733,0,31931,"Goias, Brazil",465.4082709421611,2.2440607396522165
,,Gotland,Sweden,2020-07-09 04:34:23,57.4684,18.4867,174,6,0,168,"Gotland, Sweden",291.5256509064102,3.4482758620689653
,,Grand Princess,Canada,2020-07-09 04:34:23,,,13,0,13,0,"Grand Princess, Canada",,0.0
99999,,Grand Princess,US,2020-07-09 04:34:23,,,103,3,0,100,"Grand Princess, US",,2.912621359223301
,,Greenland,Denmark,2020-07-09 04:34:23,71.7069,-42.6043,13,0,13,0,"Greenland, Denmark",22.898611991826957,0.0
,,Guadeloupe,France,2020-07-09 04:34:23,16.265,-61.551,184,14,157,13,"Guadeloupe, France",45.98539963561569,7.608695652173913
,,Guainia,Colombia,2020-07-09 04:34:23,2.5854,-68.5247,14,1,11,2,"Guainia, Colombia",29.097559961757486,7.142857142857143
66,,Guam,US,2020-07-09 04:34:23,13.4443,144.7937,307,5,0,302,"Guam, US",186.9340981190898,1.6286644951140066
,,Guanajuato,Mexico,2020-07-09 04:34:23,21.019,-101.2574,10295,473,7849,1973,"Guanajuato, Mexico",165.2972178848539,4.594463331714424
,,Guangdong,China,2020-07-09 04:34:23,23.3417,113.4244,1647,8,1631,8,"Guangdong, China",1.4516129032258065,0.48573163327261687
,,Guangxi,China,2020-07-09 04:34:23,23.8298,108.7881,254,2,252,0,"Guangxi, China",0.5156313438895656,0.7874015748031497
,,Guaviare,Colombia,2020-07-09 04:34:23,1.0654,-73.2603,39,0,9,30,"Guaviare, Colombia",47.12022907680597,0.0
,,Guerrero,Mexico,2020-07-09 04:34:23,17.4392,-99.5451,6734,1022,4913,799,"Guerrero, Mexico",184.1375885687035,15.176715176715177
,,Guizhou,China,2020-07-09 04:34:23,26.8154,106.8748,147,2,145,0,"Guizhou, China",0.4083333333333333,1.3605442176870748
,,Gujarat,India,2020-07-09 04:34:23,22.694884,71.590923,38333,1993,27289,9051,"Gujarat, India",60.01496828074361,5.199175645005608
,,Gunma,Japan,2020-07-09 04:34:23,36.504478999999996,138.985605,155,19,133,3,"Gunma, Japan",7.979588726848896,12.258064516129032
,,Hainan,China,2020-07-09 04:34:23,19.1959,109.7453,171,6,165,0,"Hainan, China",1.8308351177730195,3.508771929824561
,,Halland,Sweden,2020-07-09 04:34:23,56.8967,12.8034,1620,75,0,1545,"Halland, Sweden",485.25077280678636,4.62962962962963
,,Hamburg,Germany,2020-07-09 04:34:23,53.5511,9.9937,5228,261,4900,67,"Hamburg, Germany",283.94849170015516,4.992348890589136
,,Haryana,India,2020-07-09 04:34:23,29.20004,76.332824,18690,282,14106,4302,"Haryana, India",66.26557028171058,1.5088282504012842
,,Hebei,China,2020-07-09 04:34:23,37.8957,114.9042,349,6,339,4,"Hebei, China",0.4618845950238221,1.7191977077363896
,,Heilongjiang,China,2020-07-09 04:34:23,47.861999999999995,127.7615,947,13,934,0,"Heilongjiang, China",2.5099390405512856,1.3727560718057021
,,Henan,China,2020-07-09 04:34:23,33.882,113.61399999999999,1276,22,1254,0,"Henan, China",1.3284747527329517,1.7241379310344827
,,Hessen,Germany,2020-07-09 04:34:23,50.6521,9.1624,11012,512,10200,300,"Hessen, Germany",175.74745735147687,4.649473301852525
,,Hidalgo,Mexico,2020-07-09 04:34:23,20.0911,-98.7624,4515,754,3270,491,"Hidalgo, Mexico",146.28627267761226,16.699889258028794
,,Himachal Pradesh,India,2020-07-09 04:34:23,31.927213000000002,77.233081,1101,11,833,257,"Himachal Pradesh, India",14.774646384740649,0.9990917347865577
,,Hiroshima,Japan,2020-07-09 04:34:23,34.605309000000005,132.788719,168,3,163,2,"Hiroshima, Japan",5.9910626183725215,1.7857142857142858
,,Hokkaido,Japan,2020-07-09 04:34:23,43.385711,142.55231799999999,1273,101,1093,79,"Hokkaido, Japan",24.247392738620164,7.9340141398271795
,,Hong Kong,China,2020-07-09 04:34:23,22.3,114.2,1323,7,1167,149,"Hong Kong, China",17.64708707016738,0.5291005291005291
,,Huancavelica,Peru,2020-07-09 04:34:23,-13.023888000000001,-75.00277,1023,19,0,1004,"Huancavelica, Peru",280.0437996167533,1.8572825024437927
,,Huanuco,Peru,2020-07-09 04:34:23,-9.421676,-76.040642,3272,89,0,3183,"Huanuco, Peru",430.35643824806,2.720048899755501
,,Hubei,China,2020-07-09 04:34:23,30.9756,112.2707,68135,4512,63623,0,"Hubei, China",115.15125908399528,6.622147207749321
,,Huila,Colombia,2020-07-09 04:34:23,2.5359,-75.5277,389,15,278,96,"Huila, Colombia",35.351231295200044,3.8560411311053984
,,Hunan,China,2020-07-09 04:34:23,27.6104,111.7088,1019,4,1015,0,"Hunan, China",1.4770256558921582,0.39254170755642787
,,Hyogo,Japan,2020-07-09 04:34:23,35.039913,134.828057,720,45,656,19,"Hyogo, Japan",13.171880231020145,6.25
,,Ibaraki,Japan,2020-07-09 04:34:23,36.303588,140.319591,188,10,160,18,"Ibaraki, Japan",6.5727210400841605,5.319148936170213
,,Ica,Peru,2020-07-09 04:34:23,-14.235097,-75.574821,8783,561,0,8222,"Ica, Peru",900.6357670221493,6.387339177957418
,,Ingushetia Republic,Russia,2020-07-09 04:34:23,43.11542075,45.01713552,3205,71,2508,626,"Ingushetia Republic, Russia",656.7044297326261,2.215288611544462
,,Inner Mongolia,China,2020-07-09 04:34:23,44.0935,113.9448,244,1,237,6,"Inner Mongolia, China",0.9629044988161012,0.4098360655737705
,,Irkutsk Oblast,Russia,2020-07-09 04:34:23,56.6370122,104.719221,9225,82,3845,5298,"Irkutsk Oblast, Russia",383.7043168295417,0.8888888888888888
,,Ishikawa,Japan,2020-07-09 04:34:23,36.769464,136.771027,300,27,265,8,"Ishikawa, Japan",26.370172170854104,9.0
,,Islamabad,Pakistan,2020-07-09 04:34:23,33.665087,73.121219,13731,142,9939,3650,"Islamabad, Pakistan",684.3013856467647,1.034156288689826
,,Isle of Man,United Kingdom,2020-07-09 04:34:23,54.2361,-4.5481,336,24,312,0,"Isle of Man, United Kingdom",395.14535704205474,7.142857142857143
,,Ivano-Frankivsk Oblast,Ukraine,2020-07-09 04:34:23,48.9226,24.7111,2797,105,1204,1488,"Ivano-Frankivsk Oblast, Ukraine",203.67711097453343,3.754022166607079
,,Ivanovo Oblast,Russia,2020-07-09 04:34:23,56.9167446,41.43521370000001,5232,51,3255,1926,"Ivanovo Oblast, Russia",515.6478219990026,0.9747706422018348
,,Jalisco,Mexico,2020-07-09 04:34:23,20.6595,-103.3494,8274,917,6211,1146,"Jalisco, Mexico",98.38646904233008,11.082910321489003
,,Jammu and Kashmir,India,2020-07-09 04:34:23,33.75943,76.612638,9261,149,5567,3545,"Jammu and Kashmir, India",68.06395851339671,1.6088975272648742
,,Jamtland Harjedalen,Sweden,2020-07-09 04:34:23,63.1712,14.9592,1068,54,0,1014,"Jamtland Harjedalen, Sweden",816.4513416405472,5.056179775280899
,,Jewish Autonomous Okrug,Russia,2020-07-09 04:34:23,48.57527615,132.66307460000002,452,6,370,76,"Jewish Autonomous Okrug, Russia",278.98823558457906,1.3274336283185841
,,Jharkhand,India,2020-07-09 04:34:23,23.654536,85.557631,3096,22,2170,904,"Jharkhand, India",8.021983135801499,0.710594315245478
,,Jiangsu,China,2020-07-09 04:34:23,32.9711,119.455,654,0,654,0,"Jiangsu, China",0.8123214507514595,0.0
,,Jiangxi,China,2020-07-09 04:34:23,27.614,115.7221,932,1,931,0,"Jiangxi, China",2.0051635111876074,0.1072961373390558
,,Jilin,China,2020-07-09 04:34:23,43.6661,126.1923,155,2,153,0,"Jilin, China",0.5732248520710059,1.2903225806451613
,,Jonkoping,Sweden,2020-07-09 04:34:23,57.3708,14.3439,4351,175,0,4176,"Jonkoping, Sweden",1196.6479555774354,4.022063893357849
,,Junin,Peru,2020-07-09 04:34:23,-11.541783,-74.876968,4725,189,0,4536,"Junin, Peru",347.0437017994858,4.0
,,Kabardino-Balkarian Republic,Russia,2020-07-09 04:34:23,43.4806048,43.5978976,5388,60,4324,1004,"Kabardino-Balkarian Republic, Russia",622.2944972904551,1.1135857461024499
,,Kagawa,Japan,2020-07-09 04:34:23,34.217292,133.969047,28,0,28,0,"Kagawa, Japan",2.927807584485548,0.0
,,Kagoshima,Japan,2020-07-09 04:34:23,31.009484000000004,130.430665,122,0,11,111,"Kagoshima, Japan",7.614183101131954,0.0
,,Kaliningrad Oblast,Russia,2020-07-09 04:34:23,54.7293041,21.1489473,2564,40,1745,779,"Kaliningrad Oblast, Russia",257.7923364089447,1.5600624024960998
,,Kalmar,Sweden,2020-07-09 04:34:23,57.235,16.1849,721,58,0,663,"Kalmar, Sweden",293.7509676262803,8.044382801664355
,,Kalmykia Republic,Russia,2020-07-09 04:34:23,46.2313018,45.3275745,1987,26,1176,785,"Kalmykia Republic, Russia",721.4619498716472,1.3085052843482636
,,Kaluga Oblast,Russia,2020-07-09 04:34:23,54.4382773,35.5272854,6413,48,4253,2112,"Kaluga Oblast, Russia",633.6605879516549,0.7484796507094963
,,Kamchatka Krai,Russia,2020-07-09 04:34:23,57.1914882,160.03838190000005,2560,28,1519,1013,"Kamchatka Krai, Russia",811.2638921019023,1.09375
,,Kanagawa,Japan,2020-07-09 04:34:23,35.415312,139.338983,1628,97,1382,149,"Kanagawa, Japan",17.69898420006897,5.958230958230958
,,Karachay-Cherkess Republic,Russia,2020-07-09 04:34:23,43.7368326,41.7267991,3919,15,2073,1831,"Karachay-Cherkess Republic, Russia",840.4370530017908,0.3827507017096198
,,Karelia Republic,Russia,2020-07-09 04:34:23,62.61940309999999,33.4920267,1581,3,727,851,"Karelia Republic, Russia",253.98243167695873,0.18975332068311196
,,Karnataka,India,2020-07-09 04:34:23,14.705179999999999,76.166436,28877,470,11876,16531,"Karnataka, India",42.74104792103736,1.6275928939986841
,,Kemerovo Oblast,Russia,2020-07-09 04:34:23,54.53357809999999,87.342861,2134,10,993,1131,"Kemerovo Oblast, Russia",79.18728758306966,0.46860356138706655
,,Kerala,India,2020-07-09 04:34:23,10.450898,76.405749,6195,27,3559,2609,"Kerala, India",17.353211925463373,0.4358353510895884
,,Khabarovsk Krai,Russia,2020-07-09 04:34:23,51.6312684,136.121524,4918,34,2402,2482,"Khabarovsk Krai, Russia",370.24712753575625,0.6913379422529483
,,Khakassia Republic,Russia,2020-07-09 04:34:23,53.72258845,91.44293627,2142,19,1615,508,"Khakassia Republic, Russia",398.5019897193184,0.8870214752567693
,,Khanty-Mansi Autonomous Okrug,Russia,2020-07-09 04:34:23,61.0259025,69.0982628,11141,78,5918,5145,"Khanty-Mansi Autonomous Okrug, Russia",727.1039906855507,0.7001166861143524
,,Kharkiv Oblast,Ukraine,2020-07-09 04:34:23,49.9935,36.2304,2466,99,1261,1106,"Kharkiv Oblast, Ukraine",92.16631197960231,4.014598540145985
,,Kherson Oblast,Ukraine,2020-07-09 04:34:23,46.6354,32.6169,201,3,184,14,"Kherson Oblast, Ukraine",19.37088007401411,1.492537313432836
,,Khmelnytskyi Oblast,Ukraine,2020-07-09 04:34:23,49.423,26.9871,863,20,603,240,"Khmelnytskyi Oblast, Ukraine",68.23725690971412,2.317497103128621
,,Khyber Pakhtunkhwa,Pakistan,2020-07-09 04:34:23,34.485332,72.09169,29052,1054,18791,9207,"Khyber Pakhtunkhwa, Pakistan",95.17952653394673,3.627977419798981
,,Kiev,Ukraine,2020-07-09 04:34:23,50.4501,30.5234,5779,119,1900,3760,"Kiev, Ukraine",195.84519452351898,2.0591797888908117
,,Kiev Oblast,Ukraine,2020-07-09 04:34:23,50.053000000000004,30.7667,2853,55,1623,1175,"Kiev Oblast, Ukraine",161.37425478240215,1.9277953031896249
,,Kirov Oblast,Russia,2020-07-09 04:34:23,57.9665589,49.4074599,3557,42,3077,438,"Kirov Oblast, Russia",277.1894223830653,1.1807703120607254
,,Kirovohrad Oblast,Ukraine,2020-07-09 04:34:23,48.5079,32.2623,664,32,570,62,"Kirovohrad Oblast, Ukraine",70.22375360769246,4.819277108433735
,,Kochi,Japan,2020-07-09 04:34:23,33.422519,133.367307,74,3,71,0,"Kochi, Japan",10.601278743433296,4.054054054054054
,,Komi Republic,Russia,2020-07-09 04:34:23,63.9881421,54.3326073,3949,35,2057,1857,"Komi Republic, Russia",469.63096686419954,0.8863003291972651
,,Kostroma Oblast,Russia,2020-07-09 04:34:23,58.424756,44.2533273,1752,22,1122,608,"Kostroma Oblast, Russia",272.3355571997936,1.2557077625570776
,,Krasnodar Krai,Russia,2020-07-09 04:34:23,45.7684014,39.0261044,6460,83,5412,965,"Krasnodar Krai, Russia",115.28673560075808,1.284829721362229
,,Krasnoyarsk Krai,Russia,2020-07-09 04:34:23,63.3233807,97.0979974,9978,181,5732,4065,"Krasnoyarsk Krai, Russia",346.88025052694303,1.8139907797153738
,,Kronoberg,Sweden,2020-07-09 04:34:23,56.7183,14.4115,1074,100,0,974,"Kronoberg, Sweden",533.0844943887149,9.31098696461825
,,Kumamoto,Japan,2020-07-09 04:34:23,32.608154,130.74523100000002,48,3,45,0,"Kumamoto, Japan",2.7466758069933794,6.25
,,Kurgan Oblast,Russia,2020-07-09 04:34:23,55.7655302,64.5632681,1119,1,600,518,"Kurgan Oblast, Russia",132.34193181374675,0.08936550491510277
,,Kursk Oblast,Russia,2020-07-09 04:34:23,51.6568453,36.4852695,5466,43,3630,1793,"Kursk Oblast, Russia",490.1200372656217,0.7866813025978778
,,Kyoto,Japan,2020-07-09 04:34:23,35.253815,135.443341,415,18,348,49,"Kyoto, Japan",16.066856707254516,4.337349397590361
,,La Guajira,Colombia,2020-07-09 04:34:23,11.3548,-72.5205,726,34,138,554,"La Guajira, Colombia",82.44753338784409,4.683195592286501
,,La Libertad,Peru,2020-07-09 04:34:23,-7.92139,-78.370238,11336,725,0,10611,"La Libertad, Peru",562.0785402618009,6.395553987297107
,,La Rioja,Spain,2020-07-09 04:34:23,42.2871,-2.5396,4079,366,3107,606,"La Rioja, Spain",1300.8218234466835,8.972787447903897
,,Ladakh,India,2020-07-09 04:34:23,34.1526,77.5771,1041,1,836,204,"Ladakh, India",379.5267035863633,0.09606147934678194
,,Lambayeque,Peru,2020-07-09 04:34:23,-6.3530489999999995,-79.824113,14561,777,0,13784,"Lambayeque, Peru",1110.8483368935001,5.336171966211112
,,Lazio,Italy,2020-07-09 04:34:23,41.89277044,12.48366722,8224,842,6508,874,"Lazio, Italy",139.88578488954568,10.238326848249027
,,Leningrad Oblast,Russia,2020-07-09 04:34:23,60.1853296,32.3925325,4842,35,4219,588,"Leningrad Oblast, Russia",266.951002747798,0.7228418009087154
,,Liaoning,China,2020-07-09 04:34:23,41.2956,122.6085,162,2,150,10,"Liaoning, China",0.3716448726772196,1.2345679012345678
,,Liguria,Italy,2020-07-09 04:34:23,44.41149315,8.9326992,10006,1558,8161,287,"Liguria, Italy",645.2819480988495,15.570657605436738
,,Lima,Peru,2020-07-09 04:34:23,-11.766533,-76.60449799999998,169986,5156,0,164830,"Lima, Peru",1599.3413934233429,3.033190968668008
,,Lipetsk Oblast,Russia,2020-07-09 04:34:23,52.6935178,39.1122664,4060,19,2719,1322,"Lipetsk Oblast, Russia",352.9817831839826,0.46798029556650245
,,Lombardia,Italy,2020-07-09 04:34:23,45.46679409,9.190347404,94651,16725,69466,8460,"Lombardia, Italy",940.8111306571576,17.670177811116627
,,Loreto,Peru,2020-07-09 04:34:23,-4.124847,-74.424115,9598,354,0,9244,"Loreto, Peru",934.0210198520824,3.68826838924776
,,Los Lagos,Chile,2020-07-09 04:34:23,-41.9198,-72.1416,2047,21,1613,413,"Los Lagos, Chile",247.01100990940117,1.0258915486077187
,,Los Rios,Chile,2020-07-09 04:34:23,-40.231,-72.3311,740,11,674,55,"Los Rios, Chile",192.2892029612537,1.4864864864864864
,,Luhansk Oblast,Ukraine,2020-07-09 04:34:23,48.574,39.3078,87,0,69,18,"Luhansk Oblast, Ukraine",4.043064680205202,0.0
,,Lviv Oblast,Ukraine,2020-07-09 04:34:23,49.8397,24.0297,6562,170,974,5418,"Lviv Oblast, Ukraine",260.1881586235801,2.5906735751295336
,,Macau,China,2020-07-09 04:34:23,22.1667,113.55,46,0,45,1,"Macau, China",7.084094360136879,0.0
,,Madhya Pradesh,India,2020-07-09 04:34:23,23.541513000000002,78.289633,16036,629,11987,3420,"Madhya Pradesh, India",18.786544565061213,3.922424544774258
,,Madre de Dios,Peru,2020-07-09 04:34:23,-11.972699,-70.53171999999998,2326,75,0,2251,"Madre de Dios, Peru",1338.3199079401606,3.224419604471195
,,Madrid,Spain,2020-07-09 04:34:23,40.4168,-3.7038,72409,8441,40736,23232,"Madrid, Spain",1090.2262374901172,11.657390655857697
,,Magadan Oblast,Russia,2020-07-09 04:34:23,62.48858785,153.9903764,951,4,550,397,"Magadan Oblast, Russia",659.9995835964772,0.4206098843322818
,,Magallanes,Chile,2020-07-09 04:34:23,-52.368,-70.9863,1507,17,1416,74,"Magallanes, Chile",904.9257504518623,1.1280690112806901
,,Magdalena,Colombia,2020-07-09 04:34:23,10.4113,-74.4057,2308,166,887,1255,"Magdalena, Colombia",172.0146734180687,7.192374350086655
,,Maharashtra,India,2020-07-09 04:34:23,19.449759,76.108221,223724,9448,123192,91084,"Maharashtra, India",181.6764071831449,4.223060556757433
,,Manipur,India,2020-07-09 04:34:23,24.738975,93.882541,1435,0,793,642,"Manipur, India",46.41692098934352,0.0
,,Manitoba,Canada,2020-07-09 04:34:23,53.7609,-98.8139,325,7,312,6,"Manitoba, Canada",23.593175256639306,2.1538461538461537
,,Maranhao,Brazil,2020-07-09 04:34:23,-4.9609,-45.2744,92939,2324,70927,19688,"Maranhao, Brazil",1313.5918360251135,2.50056488664608
,,Marche,Italy,2020-07-09 04:34:23,43.61675973,13.5188753,6794,987,5623,184,"Marche, Italy",445.4290417899508,14.527524286134826
,,Mari El Republic,Russia,2020-07-09 04:34:23,56.5767504,47.8817512,3184,24,2870,290,"Mari El Republic, Russia",466.6343266410975,0.7537688442211056
,,Martinique,France,2020-07-09 04:34:23,14.6415,-61.0242,249,14,98,137,"Martinique, France",66.35311046860218,5.622489959839357
,,Mato Grosso,Brazil,2020-07-09 04:34:23,-12.6819,-56.9211,23835,882,10832,12121,"Mato Grosso, Brazil",684.0359469715015,3.700440528634361
,,Mato Grosso do Sul,Brazil,2020-07-09 04:34:23,-20.7722,-54.7852,11063,134,7291,3638,"Mato Grosso do Sul, Brazil",398.094844666364,1.211244689505559
,,Maule,Chile,2020-07-09 04:34:23,-35.5183,-71.6885,6581,78,5363,1140,"Maule, Chile",629.7908990860808,1.1852302081750494
,,Mayotte,France,2020-07-09 04:34:23,-12.8275,45.166244,2688,34,2446,208,"Mayotte, France",985.2902904187117,1.2648809523809523
,,Mecklenburg-Vorpommern,Germany,2020-07-09 04:34:23,53.6127,12.4296,805,20,777,8,"Mecklenburg-Vorpommern, Germany",50.010095205553924,2.484472049689441
,,Meghalaya,India,2020-07-09 04:34:23,25.536934,91.278882,80,1,43,36,"Meghalaya, India",2.3762070389193006,1.25
,,Melilla,Spain,2020-07-09 04:34:23,35.2923,-2.9381,126,2,125,,"Melilla, Spain",148.77965261131902,1.5873015873015872
,,Meta,Colombia,2020-07-09 04:34:23,3.272,-73.0877,1386,19,1009,358,"Meta, Colombia",133.3048641848494,1.3708513708513708
,,Metropolitana,Chile,2020-07-09 04:34:23,-33.4376,-70.6505,232158,5533,213021,13604,"Metropolitana, Chile",3263.9430165976646,2.383290689961147
,,Mexico,Mexico,2020-07-09 04:34:23,19.4969,-99.7233,40087,4985,32458,2644,"Mexico, Mexico",230.01769013741847,12.435452889964328
,,Michoacan,Mexico,2020-07-09 04:34:23,19.5665,-101.7068,6642,529,5742,371,"Michoacan, Mexico",137.6465914439028,7.964468533574225
,,Mie,Japan,2020-07-09 04:34:23,34.508018,136.376013,45,1,45,,"Mie, Japan",2.526837825302294,2.2222222222222223
,,Minas Gerais,Brazil,2020-07-09 04:34:23,-18.5122,-44.555,64035,1355,40731,21949,"Minas Gerais, Brazil",302.4971997692263,2.116030295931912
,,Miyagi,Japan,2020-07-09 04:34:23,38.446859,140.927086,99,1,90,8,"Miyagi, Japan",4.2924688850203685,1.0101010101010102
,,Miyazaki,Japan,2020-07-09 04:34:23,32.193203999999994,131.299374,18,0,17,1,"Miyazaki, Japan",1.6770691539465632,0.0
,,Mizoram,India,2020-07-09 04:34:23,23.309381,92.83821999999999,197,0,133,64,"Mizoram, India",15.896788687296448,0.0
,,Molise,Italy,2020-07-09 04:34:23,41.55774754,14.65916051,445,23,405,17,"Molise, Italy",145.60708337559754,5.168539325842697
,,Montserrat,United Kingdom,2020-07-09 04:34:23,16.742498,-62.187366000000004,11,1,10,0,"Montserrat, United Kingdom",220.0440088017604,9.090909090909092
,,Moquegua,Peru,2020-07-09 04:34:23,-16.860271,-70.839046,1182,20,0,1162,"Moquegua, Peru",613.3886870783601,1.6920473773265652
,,Mordovia Republic,Russia,2020-07-09 04:34:23,54.4419829,44.4661144,3680,27,2559,1094,"Mordovia Republic, Russia",457.1110581127277,0.7336956521739131
,,Morelos,Mexico,2020-07-09 04:34:23,18.6813,-99.1013,3232,715,2316,201,"Morelos, Mexico",158.11684404258588,22.122524752475247
,,Moscow,Russia,2020-07-09 04:34:23,55.7504461,37.6174943,226795,4027,160913,61855,"Moscow, Russia",1813.4216630946482,1.7756123371326529
,,Moscow Oblast,Russia,2020-07-09 04:34:23,55.50431579999999,38.0353929,59716,970,39550,19196,"Moscow Oblast, Russia",795.8541378324582,1.624355281666555
,,Murcia,Spain,2020-07-09 04:34:23,37.9922,-1.1307,1717,148,2180,-611,"Murcia, Spain",115.41592417099841,8.61968549796156
,,Murmansk Oblast,Russia,2020-07-09 04:34:23,68.00004179999999,33.9999151,6359,21,3785,2553,"Murmansk Oblast, Russia",843.8644986377939,0.33024060386853277
,,Mykolaiv Oblast,Ukraine,2020-07-09 04:34:23,46.975,31.9946,463,11,330,122,"Mykolaiv Oblast, Ukraine",18.358292813580853,2.375809935205184
,,Nagaland,India,2020-07-09 04:34:23,26.06702,94.470302,657,0,304,353,"Nagaland, India",29.20395875885398,0.0
,,Nagano,Japan,2020-07-09 04:34:23,36.132134,138.045528,76,0,76,0,"Nagano, Japan",3.7095065868146566,0.0
,,Nagasaki,Japan,2020-07-09 04:34:23,33.235712,129.608033,19,1,16,2,"Nagasaki, Japan",1.4323148318462386,5.2631578947368425
,,Nara,Japan,2020-07-09 04:34:23,34.317451,135.871644,100,2,90,8,"Nara, Japan",7.518101709390786,2.0
,,Narino,Colombia,2020-07-09 04:34:23,1.2892,-77.3579,4077,132,2386,1559,"Narino, Colombia",250.031890258262,3.2376747608535688
,,Navarra,Spain,2020-07-09 04:34:23,42.6954,-1.6761,5490,528,3905,1057,"Navarra, Spain",844.6855584925515,9.617486338797814
,,Nayarit,Mexico,2020-07-09 04:34:23,21.7514,-104.8455,2141,229,1513,399,"Nayarit, Mexico",166.1530486096614,10.695936478281178
,,Nenets Autonomous Okrug,Russia,2020-07-09 04:34:23,68.27557185,57.1686375,171,0,43,128,"Nenets Autonomous Okrug, Russia",388.6628633770485,0.0
,,New Brunswick,Canada,2020-07-09 04:34:23,46.5653,-66.4619,165,2,162,1,"New Brunswick, Canada",21.154035997758953,1.2121212121212122
,,New Caledonia,France,2020-07-09 04:34:23,-20.904304999999997,165.618042,21,0,21,0,"New Caledonia, France",7.355748517466401,0.0
,,New South Wales,Australia,2020-07-09 04:34:23,-33.8688,151.2093,3453,49,2986,418,"New South Wales, Australia",42.53510716925351,1.4190558934260065
,,Newfoundland and Labrador,Canada,2020-07-09 04:34:23,53.1355,-57.6604,261,3,258,0,"Newfoundland and Labrador, Canada",50.06089783548954,1.1494252873563218
,,Niedersachsen,Germany,2020-07-09 04:34:23,52.6367,9.8451,13748,642,12750,356,"Niedersachsen, Germany",172.22786794226533,4.669770148385219
,,Niigata,Japan,2020-07-09 04:34:23,37.521819,138.918647,85,0,83,2,"Niigata, Japan",3.8234794022417287,0.0
,,Ningxia,China,2020-07-09 04:34:23,37.2692,106.1655,75,0,75,0,"Ningxia, China",1.0901162790697674,0.0
,,Nizhny Novgorod Oblast,Russia,2020-07-09 04:34:23,55.47180329999999,44.0911594,19241,275,13063,5903,"Nizhny Novgorod Oblast, Russia",594.8214886334408,1.429239644509121
,,Nordrhein-Westfalen,Germany,2020-07-09 04:34:23,51.4332,7.6616,44306,1696,40400,2210,"Nordrhein-Westfalen, Germany",247.0688801114793,3.827923983207692
,,Norrbotten,Sweden,2020-07-09 04:34:23,66.8309,20.3992,1444,69,0,1375,"Norrbotten, Sweden",577.3852127008753,4.778393351800554
,,Norte de Santander,Colombia,2020-07-09 04:34:23,7.9463,-72.8988,415,22,201,192,"Norte de Santander, Colombia",27.82081251520927,5.301204819277109
,,North Ossetia - Alania Republic,Russia,2020-07-09 04:34:23,42.79336110000001,44.6324493,4175,67,3611,497,"North Ossetia - Alania Republic, Russia",594.9285017064118,1.6047904191616766
,,Northern Ireland,United Kingdom,2020-07-09 04:34:23,54.7877,-6.4923,5765,554,0,5211,"Northern Ireland, United Kingdom",306.3881802721088,9.60971379011275
69,,Northern Mariana Islands,US,2020-07-09 04:34:23,15.0979,145.6739,31,2,0,29,"Northern Mariana Islands, US",56.216451472508346,6.451612903225806
,,Northern Territory,Australia,2020-07-09 04:34:23,-12.4634,130.8456,30,0,29,1,"Northern Territory, Australia",12.214983713355048,0.0
,,Northwest Territories,Canada,2020-07-09 04:34:23,64.8255,-124.8457,5,0,5,0,"Northwest Territories, Canada",11.134865490824867,0.0
,,Nova Scotia,Canada,2020-07-09 04:34:23,44.681999999999995,-63.7443,1066,63,998,5,"Nova Scotia, Canada",109.0585058984692,5.909943714821764
,,Novgorod Oblast,Russia,2020-07-09 04:34:23,58.2843833,32.5169757,3217,28,1100,2089,"Novgorod Oblast, Russia",530.4414354401493,0.8703761268262357
,,Novosibirsk Oblast,Russia,2020-07-09 04:34:23,54.9720169,79.48139240000002,6831,124,4507,2200,"Novosibirsk Oblast, Russia",244.9397583017223,1.8152539891670327
,,Nuble,Chile,2020-07-09 04:34:23,-36.7226,-71.7622,2700,35,2300,365,"Nuble, Chile",561.7872324488305,1.2962962962962963
,,Nuevo Leon,Mexico,2020-07-09 04:34:23,25.5922,-99.9962,8428,466,6243,1719,"Nuevo Leon, Mexico",150.22763193802382,5.529188419553868
,,OHiggins,Chile,2020-07-09 04:34:23,-34.5755,-71.0022,7567,104,5913,1550,"OHiggins, Chile",827.3969307477408,1.3743887934452226
,,Oaxaca,Mexico,2020-07-09 04:34:23,17.0732,-96.7266,6924,668,5658,598,"Oaxaca, Mexico",167.10135382504993,9.647602541883304
,,Odessa Oblast,Ukraine,2020-07-09 04:34:23,46.4846,30.7326,1984,25,863,1096,"Odessa Oblast, Ukraine",83.35055799501578,1.2600806451612903
,,Odisha,India,2020-07-09 04:34:23,20.505428,84.418059,10624,48,7006,3570,"Odisha, India",22.918119452672855,0.45180722891566266
,,Oita,Japan,2020-07-09 04:34:23,33.200697,131.43323999999998,60,1,59,0,"Oita, Japan",5.284322998958988,1.6666666666666667
,,Okayama,Japan,2020-07-09 04:34:23,34.89246,133.826252,28,0,26,2,"Okayama, Japan",1.4818060675724736,0.0
,,Okinawa,Japan,2020-07-09 04:34:23,25.768923,126.668016,147,7,138,2,"Okinawa, Japan",10.11582969071711,4.761904761904762
,,Omsk Oblast,Russia,2020-07-09 04:34:23,56.09352629999999,73.5099936,4285,38,2394,1853,"Omsk Oblast, Russia",218.6134144456275,0.8868144690781797
,,Ontario,Canada,2020-07-09 04:34:23,51.2538,-85.3232,38079,2748,33363,1968,"Ontario, Canada",258.8325705570083,7.216576065547939
,,Orebro,Sweden,2020-07-09 04:34:23,59.535,15.0066,2446,166,0,2280,"Orebro, Sweden",802.480274273716,6.78659035159444
,,Orel Oblast,Russia,2020-07-09 04:34:23,52.96854329999999,36.0692477,4840,73,3406,1361,"Orel Oblast, Russia",647.7108640114983,1.5082644628099173
,,Orenburg Oblast,Russia,2020-07-09 04:34:23,52.02692620000001,54.7276647,4427,23,3256,1148,"Orenburg Oblast, Russia",223.8436179034444,0.5195391913259544
,,Osaka,Japan,2020-07-09 04:34:23,34.620965000000005,135.507481,1915,86,1730,99,"Osaka, Japan",21.738234648748154,4.490861618798956
,,Ostergotland,Sweden,2020-07-09 04:34:23,58.3454,15.5198,3369,224,0,3145,"Ostergotland, Sweden",723.745690071859,6.648857227663996
,,P.A. Bolzano,Italy,2020-07-09 04:34:23,46.49933453,11.35662422,2650,292,2275,83,"P.A. Bolzano, Italy",497.82273002228,11.018867924528301
,,P.A. Trento,Italy,2020-07-09 04:34:23,46.06893511,11.12123097,4876,405,4434,37,"P.A. Trento, Italy",900.5980591705486,8.305988515176374
,,Pais Vasco,Spain,2020-07-09 04:34:23,42.9896,-2.6189,13884,1562,16160,-3838,"Pais Vasco, Spain",637.5006887431814,11.25036012676462
,,Para,Brazil,2020-07-09 04:34:23,-1.9981,-54.9306,118744,5169,105839,7736,"Para, Brazil",1380.2843587572281,4.353062049450919
,,Paraiba,Brazil,2020-07-09 04:34:23,-7.24,-36.782,56344,1171,19999,35174,"Paraiba, Brazil",1402.245374524001,2.0783046997018317
,,Parana,Brazil,2020-07-09 04:34:23,-25.2521,-52.0215,35715,895,9852,24968,"Parana, Brazil",312.35905469996084,2.50594988100238
,,Pasco,Peru,2020-07-09 04:34:23,-10.39655,-75.307635,1234,25,0,1209,"Pasco, Peru",453.843324751747,2.025931928687196
,,Penza Oblast,Russia,2020-07-09 04:34:23,53.1655415,44.78791810000001,5558,54,4982,522,"Penza Oblast, Russia",417.37537124855913,0.9715725080964376
,,Perm Krai,Russia,2020-07-09 04:34:23,58.5951603,56.3159546,4155,91,3080,984,"Perm Krai, Russia",158.39903748281628,2.190132370637786
,,Pernambuco,Brazil,2020-07-09 04:34:23,-8.8137,-36.9541,67604,5323,47881,14400,"Pernambuco, Brazil",707.3715367396559,7.873794450032542
,,Piaui,Brazil,2020-07-09 04:34:23,-7.7183,-42.7289,28411,858,27927,-374,"Piaui, Brazil",867.9813529584108,3.019957058885643
,,Piemonte,Italy,2020-07-09 04:34:23,45.0732745,7.680687483,31459,4107,26212,1140,"Piemonte, Italy",722.1319592342862,13.05508757430306
,,Piura,Peru,2020-07-09 04:34:23,-5.133361,-80.335861,18141,809,0,17332,"Piura, Peru",885.791015625,4.45951160354997
,,Poltava Oblast,Ukraine,2020-07-09 04:34:23,49.5883,34.5514,326,13,278,35,"Poltava Oblast, Ukraine",23.27841483991805,3.9877300613496933
,,Port Quarantine,Japan,2020-07-09 04:34:23,,,353,1,201,151,"Port Quarantine, Japan",,0.28328611898017
,,Primorsky Krai,Russia,2020-07-09 04:34:23,45.0819456,134.726645,4849,55,3273,1521,"Primorsky Krai, Russia",253.4713128914914,1.1342544854609198
,,Prince Edward Island,Canada,2020-07-09 04:34:23,46.5107,-63.4168,32,0,27,5,"Prince Edward Island, Canada",20.232931625336693,0.0
,,Pskov Oblast,Russia,2020-07-09 04:34:23,57.5358729,28.8586826,3109,31,1599,1479,"Pskov Oblast, Russia",488.417176449149,0.9971051785139916
,,Puducherry,India,2020-07-09 04:34:23,11.882658000000001,78.86498,1008,14,480,514,"Puducherry, India",71.31022636752215,1.3888888888888888
,,Puebla,Mexico,2020-07-09 04:34:23,19.0414,-98.2063,12841,1612,10293,936,"Puebla, Mexico",194.4294839949604,12.553539443968539
72,,Puerto Rico,US,2020-07-09 04:34:23,18.2208,-66.5901,8745,159,0,8586,"Puerto Rico, US",298.11741155679675,1.8181818181818181
,,Puglia,Italy,2020-07-09 04:34:23,41.12559576,16.86736689,4536,546,3912,78,"Puglia, Italy",112.58228670608204,12.037037037037036
,,Punjab,India,2020-07-09 04:34:23,30.841465000000003,75.40879,6907,178,4828,1901,"Punjab, India",22.915346291623806,2.577095700014478
,,Punjab,Pakistan,2020-07-09 04:34:23,30.811346,72.13913199999998,84587,1955,51450,31182,"Punjab, Pakistan",76.88857593034795,2.311229858016007
,,Puno,Peru,2020-07-09 04:34:23,-14.995826999999998,-69.922726,1112,33,0,1079,"Puno, Peru",89.82229402261713,2.9676258992805757
,,Putumayo,Colombia,2020-07-09 04:34:23,0.436,-75.5277,38,8,9,21,"Putumayo, Colombia",10.913832420975236,21.05263157894737
,,Qinghai,China,2020-07-09 04:34:23,35.7452,95.9956,18,0,18,0,"Qinghai, China",0.29850746268656714,0.0
,,Quebec,Canada,2020-07-09 04:34:23,52.9399,-73.5491,56079,5603,25534,24942,"Quebec, Canada",656.8416643690073,9.991262326361026
,,Queensland,Australia,2020-07-09 04:34:23,-27.4698,153.0251,1068,6,1057,5,"Queensland, Australia",20.877724562603852,0.5617977528089888
,,Queretaro,Mexico,2020-07-09 04:34:23,20.5888,-100.3899,2290,349,1664,277,"Queretaro, Mexico",100.45458991936,15.240174672489083
,,Quindio,Colombia,2020-07-09 04:34:23,4.461,-75.6674,177,6,131,40,"Quindio, Colombia",32.78360597439545,3.389830508474576
,,Quintana Roo,Mexico,2020-07-09 04:34:23,19.1817,-88.4791,4570,657,3046,867,"Quintana Roo, Mexico",265.19519120457227,14.37636761487965
,,Rajasthan,India,2020-07-09 04:34:23,26.583423,73.847973,22063,482,16866,4715,"Rajasthan, India",27.227283547260786,2.1846530390246115
,,Recovered,US,2020-07-09 04:34:23,,,0,0,953420,-909601,"Recovered, US",,
,,Reunion,France,2020-07-09 04:34:23,-21.1151,55.5364,563,3,472,88,"Reunion, France",62.883387616328676,0.5328596802841918
,,Rheinland-Pfalz,Germany,2020-07-09 04:34:23,50.1183,7.309,7100,236,6668,196,"Rheinland-Pfalz, Germany",173.81324721335747,3.323943661971831
,,Rio Grande do Norte,Brazil,2020-07-09 04:34:23,-5.4026,-36.9541,36511,1326,2904,32281,"Rio Grande do Norte, Brazil",1041.13289037208,3.631782202623867
,,Rio Grande do Sul,Brazil,2020-07-09 04:34:23,-30.0346,-51.2177,35557,825,29424,5308,"Rio Grande do Sul, Brazil",312.5274945880982,2.320218241133954
,,Rio de Janeiro,Brazil,2020-07-09 04:34:23,-22.9068,-43.1729,126329,10970,105231,10128,"Rio de Janeiro, Brazil",731.7081788222526,8.683675165638927
,,Risaralda,Colombia,2020-07-09 04:34:23,5.3158,-75.9928,637,19,335,283,"Risaralda, Colombia",67.52165834040879,2.9827315541601256
,,Rivne Oblast,Ukraine,2020-07-09 04:34:23,50.6199,26.2516,4304,78,2272,1954,"Rivne Oblast, Ukraine",371.8997909791835,1.812267657992565
,,Rondonia,Brazil,2020-07-09 04:34:23,-11.5057,-63.5806,25067,585,14391,10091,"Rondonia, Brazil",1410.457314071094,2.3337455618941236
,,Roraima,Brazil,2020-07-09 04:34:23,-2.7376,-62.0751,19284,386,4495,14403,"Roraima, Brazil",3183.433730464655,2.0016594067620828
,,Rostov Oblast,Russia,2020-07-09 04:34:23,47.6222451,40.7957942,10350,149,7383,2818,"Rostov Oblast, Russia",245.23439669495116,1.4396135265700483
,,Ryazan Oblast,Russia,2020-07-09 04:34:23,54.42267320000001,40.57052460000001,5507,21,4123,1363,"Ryazan Oblast, Russia",491.0501714707608,0.381332849101144
,,Saarland,Germany,2020-07-09 04:34:23,49.3964,7.023,2808,174,2589,45,"Saarland, Germany",283.4906093735645,6.196581196581197
,,Sachsen,Germany,2020-07-09 04:34:23,51.1045,13.2017,5465,224,5200,41,"Sachsen, Germany",134.01384082196464,4.098810612991766
,,Sachsen-Anhalt,Germany,2020-07-09 04:34:23,51.9503,11.6923,1900,60,1797,43,"Sachsen-Anhalt, Germany",86.03821636437819,3.1578947368421053
,,Saga,Japan,2020-07-09 04:34:23,33.286977,130.115738,45,0,45,0,"Saga, Japan",5.523431008050707,0.0
,,Saint Barthelemy,France,2020-07-09 04:34:23,17.9,-62.8333,6,0,6,0,"Saint Barthelemy, France",60.69802731411229,0.0
,,Saint Petersburg,Russia,2020-07-09 04:34:23,59.9606739,30.158655100000004,26389,1484,20552,4353,"Saint Petersburg, Russia",493.07400033819545,5.623555269240971
,,Saint Pierre and Miquelon,France,2020-07-09 04:34:23,46.8852,-56.3159,1,0,1,0,"Saint Pierre and Miquelon, France",17.25625539257981,0.0
,,Saitama,Japan,2020-07-09 04:34:23,35.997101,139.347635,1330,67,1007,256,"Saitama, Japan",18.095993941515648,5.037593984962406
,,Sakha (Yakutiya) Republic,Russia,2020-07-09 04:34:23,66.941626,129.642371,4598,34,3730,834,"Sakha (Yakutiya) Republic, Russia",476.8077317930584,0.7394519356241844
,,Sakhalin Oblast,Russia,2020-07-09 04:34:23,49.7219665,143.448533,1103,0,436,667,"Sakhalin Oblast, Russia",225.0189215820279,0.0
,,Samara Oblast,Russia,2020-07-09 04:34:23,53.2128813,50.8914633,5576,59,3276,2241,"Samara Oblast, Russia",174.60390028038086,1.058106169296987
,,San Andres y Providencia,Colombia,2020-07-09 04:34:23,12.5567,-81.7185,28,1,21,6,"San Andres y Providencia, Colombia",45.69190600522193,3.5714285714285716
,,San Luis Potosi,Mexico,2020-07-09 04:34:23,22.1565,-100.9855,3978,235,3024,719,"San Luis Potosi, Mexico",138.79284417869042,5.907491201608849
,,San Martin,Peru,2020-07-09 04:34:23,-7.039531,-76.729127,6216,170,0,6046,"San Martin, Peru",690.9737661182747,2.7348777348777347
,,Santa Catarina,Brazil,2020-07-09 04:34:23,-27.2423,-50.2189,36810,432,28115,8263,"Santa Catarina, Brazil",513.7625844616756,1.17359413202934
,,Santander,Colombia,2020-07-09 04:34:23,6.6437,-73.6536,1064,21,284,759,"Santander, Colombia",48.69928511829487,1.9736842105263157
,,Sao Paulo,Brazil,2020-07-09 04:34:23,-23.5505,-46.6333,341365,16788,199005,125572,"Sao Paulo, Brazil",743.4060753305235,4.917903124221874
,,Saratov Oblast,Russia,2020-07-09 04:34:23,51.6520555,46.86319520000001,7231,47,3988,3196,"Saratov Oblast, Russia",293.59101890009947,0.6499792559811921
,,Sardegna,Italy,2020-07-09 04:34:23,39.21531192,9.110616306,1371,134,1227,10,"Sardegna, Italy",83.6184145924197,9.773887673231219
,,Saskatchewan,Canada,2020-07-09 04:34:23,52.9399,-106.4509,808,15,746,47,"Saskatchewan, Canada",68.37803575629661,1.8564356435643565
,,Schleswig-Holstein,Germany,2020-07-09 04:34:23,54.2194,9.6961,3200,153,3000,47,"Schleswig-Holstein, Germany",110.47007779855231,4.78125
,,Scotland,United Kingdom,2020-07-09 04:34:23,56.4907,-4.2026,18309,2489,0,15820,"Scotland, United Kingdom",335.1271209708418,13.594407122180348
,,Sergipe,Brazil,2020-07-09 04:34:23,-10.5741,-37.3857,32490,875,19759,11856,"Sergipe, Brazil",1413.4100376909344,2.693136349646045
,,Sevastopol*,Ukraine,2020-07-09 04:34:23,44.6054,33.522,254,5,197,52,"Sevastopol*, Ukraine",57.30904693249942,1.968503937007874
,,Shaanxi,China,2020-07-09 04:34:23,35.1917,108.8701,321,3,314,4,"Shaanxi, China",0.8307453416149069,0.9345794392523364
,,Shandong,China,2020-07-09 04:34:23,36.3427,118.1498,792,7,785,0,"Shandong, China",0.7882950134368468,0.8838383838383839
,,Shanghai,China,2020-07-09 04:34:23,31.201999999999998,121.4491,721,7,689,25,"Shanghai, China",2.9744224422442245,0.970873786407767
,,Shanxi,China,2020-07-09 04:34:23,37.5777,112.2922,199,0,198,1,"Shanxi, China",0.5352339967724583,0.0
,,Shiga,Japan,2020-07-09 04:34:23,35.21582700000001,136.13806399999999,104,1,99,4,"Shiga, Japan",7.355317717899518,0.9615384615384616
,,Shimane,Japan,2020-07-09 04:34:23,35.07076,132.55406399999998,24,0,24,0,"Shimane, Japan",3.5590038348266315,0.0
,,Shizuoka,Japan,2020-07-09 04:34:23,34.916975,138.40778400000002,90,1,81,8,"Shizuoka, Japan",2.470133343287056,1.1111111111111112
,,Sichuan,China,2020-07-09 04:34:23,30.6171,102.7103,599,3,582,14,"Sichuan, China",0.7181393118331135,0.5008347245409015
,,Sicilia,Italy,2020-07-09 04:34:23,38.11569725,13.362356699999998,3097,283,2687,127,"Sicilia, Italy",61.94135032143701,9.137875363254762
,,Sikkim,India,2020-07-09 04:34:23,27.571671000000002,88.472712,133,0,71,62,"Sikkim, India",19.268353106333784,0.0
,,Sinaloa,Mexico,2020-07-09 04:34:23,25.1721,-107.4795,9526,1508,7554,464,"Sinaloa, Mexico",301.7733221739084,15.830359017425993
,,Sindh,Pakistan,2020-07-09 04:34:23,26.009446,68.77680699999999,99362,1637,56373,41352,"Sindh, Pakistan",207.49675098495803,1.6475111209516717
,,Sint Maarten,Netherlands,2020-07-09 04:34:23,18.0425,-63.0548,78,15,63,0,"Sint Maarten, Netherlands",181.89450118931015,19.23076923076923
,,Skane,Sweden,2020-07-09 04:34:23,55.9903,13.5958,3186,252,0,2934,"Skane, Sweden",231.2336744743716,7.909604519774011
,,Smolensk Oblast,Russia,2020-07-09 04:34:23,55.03434960000001,33.0192065,4904,72,2724,2108,"Smolensk Oblast, Russia",516.5650530680003,1.468189233278956
,,Sonora,Mexico,2020-07-09 04:34:23,29.2972,-110.3309,10421,960,8682,779,"Sonora, Mexico",338.92241470430884,9.2121677382209
,,Sormland,Sweden,2020-07-09 04:34:23,59.0336,16.7519,2266,246,0,2020,"Sormland, Sweden",761.5782751898904,10.85613415710503
,,South Australia,Australia,2020-07-09 04:34:23,-34.9285,138.6007,443,4,437,2,"South Australia, Australia",25.220609165955025,0.9029345372460497
,,St Martin,France,2020-07-09 04:34:23,18.0708,-63.0501,43,3,37,3,"St Martin, France",111.22895056778499,6.976744186046512
,,Stavropol Krai,Russia,2020-07-09 04:34:23,44.86325770000001,43.4406913,5813,109,3662,2042,"Stavropol Krai, Russia",207.55718087860282,1.8751075176328917
,,Stockholm,Sweden,2020-07-09 04:34:23,59.6025,18.1384,21629,2344,0,19285,"Stockholm, Sweden",909.8974750965576,10.837301770770724
,,Sucre,Colombia,2020-07-09 04:34:23,8.814,-74.7233,2003,111,261,1631,"Sucre, Colombia",221.3594765174396,5.5416874687968045
,,Sumy Oblast,Ukraine,2020-07-09 04:34:23,50.9077,34.7981,323,5,264,54,"Sumy Oblast, Ukraine",29.86819157809469,1.5479876160990713
,,Sverdlovsk Oblast,Russia,2020-07-09 04:34:23,58.6414755,61.8021546,14792,141,9008,5643,"Sverdlovsk Oblast, Russia",341.99131797054326,0.9532179556517036
,,Tabasco,Mexico,2020-07-09 04:34:23,17.8409,-92.6189,13255,1271,10542,1442,"Tabasco, Mexico",515.3001978395101,9.588834402112411
,,Tacna,Peru,2020-07-09 04:34:23,-17.644160999999997,-70.27756,1107,10,0,1097,"Tacna, Peru",298.38274932614553,0.9033423667570009
,,Tamaulipas,Mexico,2020-07-09 04:34:23,24.2669,-98.8363,8013,525,6665,823,"Tamaulipas, Mexico",219.4980444321238,6.551853238487458
,,Tambov Oblast,Russia,2020-07-09 04:34:23,52.9019574,41.3578918,5073,19,3418,1636,"Tambov Oblast, Russia",490.8316175673793,0.37453183520599254
,,Tamil Nadu,India,2020-07-09 04:34:23,11.006091,78.400624,122350,1700,74167,46483,"Tamil Nadu, India",157.1788393423761,1.3894564773191662
,,Tarapaca,Chile,2020-07-09 04:34:23,-19.9232,-69.5132,6789,105,5937,747,"Tarapaca, Chile",2053.799938286171,1.5466195315952276
,,Tasmania,Australia,2020-07-09 04:34:23,-42.8821,147.3272,228,13,215,0,"Tasmania, Australia",42.57703081232493,5.701754385964913
,,Tatarstan Republic,Russia,2020-07-09 04:34:23,55.7648572,52.43104273,4858,14,3798,1046,"Tatarstan Republic, Russia",124.74693679248868,0.2881844380403458
,,Telangana,India,2020-07-09 04:34:23,18.1124,79.0193,29536,324,17279,11933,"Telangana, India",75.03544215376108,1.0969664138678223
,,Ternopil Oblast,Ukraine,2020-07-09 04:34:23,49.5535,25.5948,2142,31,1327,784,"Ternopil Oblast, Ukraine",204.8038061764315,1.4472455648926237
,,Thuringen,Germany,2020-07-09 04:34:23,51.011,10.8453,3283,182,3070,31,"Thuringen, Germany",153.1860886687555,5.543710021321962
,,Tianjin,China,2020-07-09 04:34:23,39.3054,117.323,199,3,195,1,"Tianjin, China",1.2756410256410255,1.5075376884422111
,,Tibet,China,2020-07-09 04:34:23,31.6927,88.0924,1,0,1,0,"Tibet, China",0.02906976744186046,0.0
,,Tlaxcala,Mexico,2020-07-09 04:34:23,19.3139,-98.2404,3093,420,2327,346,"Tlaxcala, Mexico",224.12864824990527,13.579049466537342
,,Tocantins,Brazil,2020-07-09 04:34:23,-10.1753,-48.2982,13440,233,8517,4690,"Tocantins, Brazil",854.4911009583777,1.7336309523809523
,,Tochigi,Japan,2020-07-09 04:34:23,36.689912,139.819213,90,0,67,23,"Tochigi, Japan",4.6535917972688585,0.0
,,Tokushima,Japan,2020-07-09 04:34:23,33.919178,134.242091,9,1,4,4,"Tokushima, Japan",1.2363027952806205,11.11111111111111
,,Tokyo,Japan,2020-07-09 04:34:23,35.711343,139.446921,7058,325,5706,1027,"Tokyo, Japan",50.701608105878286,4.604703882119581
,,Tolima,Colombia,2020-07-09 04:34:23,4.0925,-75.1545,1176,29,403,744,"Tolima, Colombia",88.4086222463458,2.4659863945578233
,,Tomsk Oblast,Russia,2020-07-09 04:34:23,58.6124279,82.04753149999998,2717,21,1512,1184,"Tomsk Oblast, Russia",251.97536817895167,0.7729112992270887
,,Toscana,Italy,2020-07-09 04:34:23,43.76923077,11.25588885,10313,1118,8854,341,"Toscana, Italy",276.514549255545,10.840686512169107
,,Tottori,Japan,2020-07-09 04:34:23,35.359069,133.863619,4,0,3,1,"Tottori, Japan",0.7199968320139392,0.0
,,Toyama,Japan,2020-07-09 04:34:23,36.637464,137.26934599999998,229,22,205,2,"Toyama, Japan",21.94533407698308,9.606986899563319
,,Tripura,India,2020-07-09 04:34:23,23.746782999999997,91.743565,1761,1,1324,436,"Tripura, India",42.23230212331832,0.05678591709256105
,,Tula Oblast,Russia,2020-07-09 04:34:23,53.9570701,37.3690909,7248,137,6005,1106,"Tula Oblast, Russia",485.8381008878209,1.890176600441501
,,Tumbes,Peru,2020-07-09 04:34:23,-3.857496,-80.54525500000003,3218,127,0,3091,"Tumbes, Peru",1279.5228628230616,3.946550652579242
,,Turks and Caicos Islands,United Kingdom,2020-07-09 04:34:23,21.69400000000001,-71.7979,55,2,11,42,"Turks and Caicos Islands, United Kingdom",142.05279198305698,3.6363636363636362
,,Tver Oblast,Russia,2020-07-09 04:34:23,57.1134475,35.174442799999994,3941,88,3005,848,"Tver Oblast, Russia",306.9618256634418,2.232935803095661
,,Tyumen Oblast,Russia,2020-07-09 04:34:23,58.8206488,70.36588370000001,3713,18,2251,1444,"Tyumen Oblast, Russia",100.55790271909868,0.4847831941826017
,,Tyva Republic,Russia,2020-07-09 04:34:23,51.4017149,93.8582593,5226,25,1973,3228,"Tyva Republic, Russia",1624.3837847582693,0.47837734404898585
,,Ucayali,Peru,2020-07-09 04:34:23,-9.621718,-73.444929,8421,161,0,8260,"Ucayali, Peru",1429.4686810388728,1.9118869492934332
,,Udmurt Republic,Russia,2020-07-09 04:34:23,57.1961165,52.69598320000001,1592,17,1252,323,"Udmurt Republic, Russia",105.21835452240649,1.0678391959798994
,,Ulyanovsk Oblast,Russia,2020-07-09 04:34:23,54.1463177,47.2324921,6628,49,3798,2781,"Ulyanovsk Oblast, Russia",531.678509374965,0.7392878696439348
,,Umbria,Italy,2020-07-09 04:34:23,43.10675841,12.38824698,1447,80,1360,7,"Umbria, Italy",164.05616684523503,5.5286800276434
,,Unknown,Colombia,2020-07-09 04:34:23,,,0,0,0,0,"Unknown, Colombia",,
,,Unknown,Germany,2020-07-09 04:34:23,,,1214,0,0,1214,"Unknown, Germany",,0.0
,,Unknown,India,2020-07-09 04:34:23,,,4385,0,0,4385,"Unknown, India",,0.0
,,Unknown,Japan,2020-07-09 04:34:23,,,8,0,8,0,"Unknown, Japan",,0.0
,,Unknown,Peru,2020-07-09 04:34:23,,,0,0,204748,-204748,"Unknown, Peru",,
,,Unknown,Spain,2020-07-09 04:34:23,,,0,0,0,0,"Unknown, Spain",,
,,Unknown,United Kingdom,2020-07-09 04:34:23,,,0,0,0,0,"Unknown, United Kingdom",,
,,Uppsala,Sweden,2020-07-09 04:34:23,60.0092,17.2715,3408,232,0,3176,"Uppsala, Sweden",888.1638099308597,6.807511737089202
,,Uttar Pradesh,India,2020-07-09 04:34:23,26.925425,80.560982,31156,845,20331,9980,"Uttar Pradesh, India",13.097209980253925,2.7121581717807164
,,Uttarakhand,India,2020-07-09 04:34:23,30.156446999999996,79.197608,3258,46,2650,562,"Uttarakhand, India",28.957791485769352,1.4119091467157765
,,Valle d'Aosta,Italy,2020-07-09 04:34:23,45.73750286,7.320149366,1196,146,1045,5,"Valle d'Aosta, Italy",951.7291868922383,12.207357859531772
,,Valle del Cauca,Colombia,2020-07-09 04:34:23,3.8009,-76.6413,12445,499,5566,6380,"Valle del Cauca, Colombia",278.0455087551381,4.009642426677381
,,Valparaiso,Chile,2020-07-09 04:34:23,-33.0472,-71.6127,13598,303,11387,1908,"Valparaiso, Chile",748.8289566287167,2.2282688630680982
,,Varmland,Sweden,2020-07-09 04:34:23,59.7294,13.2354,991,69,0,922,"Varmland, Sweden",350.90328383153815,6.962663975782038
,,Vasterbotten,Sweden,2020-07-09 04:34:23,65.3337,16.5162,749,31,0,718,"Vasterbotten, Sweden",275.63517531721965,4.138851802403204
,,Vasternorrland,Sweden,2020-07-09 04:34:23,63.4276,17.7292,1515,118,0,1397,"Vasternorrland, Sweden",617.4927755383193,7.788778877887789
,,Vastmanland,Sweden,2020-07-09 04:34:23,59.6714,16.2159,2436,170,0,2266,"Vastmanland, Sweden",883.1046420997301,6.9786535303776684
,,Vastra Gotaland,Sweden,2020-07-09 04:34:23,58.2528,13.0596,16403,781,0,15622,"Vastra Gotaland, Sweden",950.4131513122863,4.7613241480217035
,,Vaupes,Colombia,2020-07-09 04:34:23,0.8554,-70.812,28,1,20,7,"Vaupes, Colombia",68.63249748756036,3.5714285714285716
,,Veneto,Italy,2020-07-09 04:34:23,45.43490485,12.33845213,19348,2034,16928,386,"Veneto, Italy",394.3859723505837,10.512714492454
,,Veracruz,Mexico,2020-07-09 04:34:23,19.1738,-96.1342,12739,1844,9458,1437,"Veracruz, Mexico",149.17102875901273,14.47523353481435
,,Vichada,Colombia,2020-07-09 04:34:23,4.4234,-69.2878,1,0,1,0,"Vichada, Colombia",0.9275749480558028,0.0
,,Victoria,Australia,2020-07-09 04:34:23,-37.8136,144.9631,3098,22,2142,934,"Victoria, Australia",46.7277032836091,0.7101355713363461
,,Vinnytsia Oblast,Ukraine,2020-07-09 04:34:23,49.2331,28.4682,2002,33,1411,558,"Vinnytsia Oblast, Ukraine",128.30092912431093,1.6483516483516483
78,,Virgin Islands,US,2020-07-09 04:34:23,18.3358,-64.8963,122,6,0,116,"Virgin Islands, US",113.73382555841444,4.918032786885246
,,Vladimir Oblast,Russia,2020-07-09 04:34:23,56.0503336,40.6561633,4739,81,3380,1278,"Vladimir Oblast, Russia",343.82012526689766,1.7092213547161847
,,Volgograd Oblast,Russia,2020-07-09 04:34:23,49.6048339,44.29035820000001,7058,45,3564,3449,"Volgograd Oblast, Russia",279.93761888821376,0.6375743836780958
,,Vologda Oblast,Russia,2020-07-09 04:34:23,60.0391461,43.1215213,1770,17,1409,344,"Vologda Oblast, Russia",150.42207414193555,0.96045197740113
,,Volyn Oblast,Ukraine,2020-07-09 04:34:23,50.7472,25.3254,2825,71,1030,1724,"Volyn Oblast, Ukraine",272.8598611070866,2.5132743362831858
,,Voronezh Oblast,Russia,2020-07-09 04:34:23,50.9800393,40.15065070000001,8778,51,5665,3062,"Voronezh Oblast, Russia",376.1299323668848,0.5809979494190021
,,Wakayama,Japan,2020-07-09 04:34:23,33.911879,135.505446,64,3,61,0,"Wakayama, Japan",6.919420109348461,4.6875
,,Wales,United Kingdom,2020-07-09 04:34:23,52.1307,-3.7837,15913,1538,0,14375,"Wales, United Kingdom",507.0094946791563,9.665053729655
,,West Bengal,India,2020-07-09 04:34:23,23.814082,87.979803,24823,827,16291,7705,"West Bengal, India",24.920363111064034,3.3315876404947025
,,Western Australia,Australia,2020-07-09 04:34:23,-31.9505,115.8605,624,9,602,13,"Western Australia, Australia",23.720824146582533,1.4423076923076923
,,Xinjiang,China,2020-07-09 04:34:23,41.1129,85.2401,76,3,73,0,"Xinjiang, China",0.3055890631282669,3.9473684210526314
,,Yamagata,Japan,2020-07-09 04:34:23,38.448396,140.102154,71,1,68,2,"Yamagata, Japan",6.588312148662016,1.408450704225352
,,Yamaguchi,Japan,2020-07-09 04:34:23,34.201190000000004,131.573293,37,0,37,0,"Yamaguchi, Japan",2.7239210327930645,0.0
,,Yamalo-Nenets Autonomous Okrug,Russia,2020-07-09 04:34:23,67.1471631,74.3415488,7143,47,2757,4339,"Yamalo-Nenets Autonomous Okrug, Russia",1326.3466326987245,0.6579868402631948
,,Yamanashi,Japan,2020-07-09 04:34:23,35.612364,138.61148899999998,75,1,73,1,"Yamanashi, Japan",9.248343929880289,1.3333333333333333
,,Yaroslavl Oblast,Russia,2020-07-09 04:34:23,57.77819760000001,39.0021095,5106,22,4041,1043,"Yaroslavl Oblast, Russia",403.4182307748222,0.4308656482569526
,,Yucatan,Mexico,2020-07-09 04:34:23,20.7099,-89.0943,5538,539,3817,1182,"Yucatan, Mexico",245.1420876827832,9.732755507403395
,,Yukon,Canada,2020-07-09 04:34:23,64.2823,-135.0,11,0,11,0,"Yukon, Canada",26.778324163785967,0.0
,,Yunnan,China,2020-07-09 04:34:23,24.974,101.48700000000001,187,2,183,2,"Yunnan, China",0.38716356107660455,1.0695187165775402
,,Zabaykalsky Krai,Russia,2020-07-09 04:34:23,52.248521,115.956325,3480,44,2503,933,"Zabaykalsky Krai, Russia",324.38297324959035,1.264367816091954
,,Zacatecas,Mexico,2020-07-09 04:34:23,22.7709,-102.5832,1212,128,791,293,"Zacatecas, Mexico",72.73050228452989,10.561056105610561
,,Zakarpattia Oblast,Ukraine,2020-07-09 04:34:23,48.6208,22.2879,3533,121,1117,2295,"Zakarpattia Oblast, Ukraine",281.110310136362,3.424851401075573
,,Zaporizhia Oblast,Ukraine,2020-07-09 04:34:23,47.8388,35.1396,599,18,464,117,"Zaporizhia Oblast, Ukraine",35.114747255890954,3.005008347245409
,,Zhejiang,China,2020-07-09 04:34:23,29.1832,120.0934,1269,1,1267,1,"Zhejiang, China",2.2119574690604846,0.07880220646178093
,,Zhytomyr Oblast,Ukraine,2020-07-09 04:34:23,50.2547,28.6587,1484,32,1061,391,"Zhytomyr Oblast, Ukraine",121.62010436053968,2.1563342318059298
,,,Afghanistan,2020-07-09 04:34:23,33.93911,67.709953,33594,936,20700,11958,Afghanistan,86.29702457651614,2.786211823539918
,,,Albania,2020-07-09 04:34:23,41.1533,20.1683,3106,83,1791,1232,Albania,107.92966849676836,2.6722472633612364
,,,Algeria,2020-07-09 04:34:23,28.0339,1.6596,17348,978,12329,4041,Algeria,39.56120268336605,5.637537468296057
,,,Andorra,2020-07-09 04:34:23,42.5063,1.5218,855,52,802,1,Andorra,1106.5812463599302,6.081871345029239
,,,Angola,2020-07-09 04:34:23,-11.2027,17.8739,386,21,117,248,Angola,1.1744564366115435,5.4404145077720205
,,,Antigua and Barbuda,2020-07-09 02:48:04,17.0608,-61.7964,70,3,23,44,Antigua and Barbuda,71.48108814639326,4.285714285714286
,,,Argentina,2020-07-09 04:34:23,-38.4161,-63.6167,87030,1694,36502,48834,Argentina,192.56223872420648,1.9464552453177066
,,,Armenia,2020-07-09 04:34:23,40.0691,45.0382,29820,521,17427,11872,Armenia,1006.3329456937927,1.7471495640509724
,,,Austria,2020-07-09 04:34:23,47.5162,14.5501,18513,706,16721,1086,Austria,205.55382838870136,3.8135364338572897
,,,Azerbaijan,2020-07-09 04:34:23,40.1431,47.5769,21916,274,13100,8542,Azerbaijan,216.15170859562042,1.2502281438218652
,,,Bahamas,2020-07-09 04:34:23,25.025885,-78.035889,106,11,89,6,Bahamas,26.955000406867928,10.377358490566039
,,,Bahrain,2020-07-09 04:34:23,26.0275,50.55,30931,98,26073,4760,Bahrain,1817.7779162109641,0.31683424396236787
,,,Bangladesh,2020-07-09 04:34:23,23.685,90.3563,172134,2197,80838,89099,Bangladesh,104.52039886505615,1.2763312303205643
,,,Barbados,2020-07-09 04:34:23,13.1939,-59.5432,98,7,90,1,Barbados,34.102258056658464,7.142857142857143
,,,Belarus,2020-07-09 04:34:23,53.7098,27.9534,64224,443,52854,10927,Belarus,679.6678830150862,0.689773293472845
,,,Belgium,2020-07-09 04:34:23,50.8333,4.469936,62123,9776,17138,35209,Belgium,536.0229363940962,15.736522704956297
,,,Belize,2020-07-09 04:34:23,17.1899,-88.4976,30,2,19,9,Belize,7.544873132958269,6.666666666666667
,,,Benin,2020-07-09 04:34:23,9.3077,2.3158,1199,21,333,845,Benin,9.890129650608694,1.7514595496246872
,,,Bhutan,2020-07-09 04:34:23,27.5142,90.4336,80,0,55,25,Bhutan,10.367905112932409,0.0
,,,Bolivia,2020-07-09 04:34:23,-16.2902,-63.5887,42984,1577,12883,28524,Bolivia,368.23347222044936,3.6688069979527267
,,,Bosnia and Herzegovina,2020-07-09 04:34:23,43.9159,17.6791,5869,209,2769,2891,Bosnia and Herzegovina,178.88847740576657,3.5610836599079914
,,,Botswana,2020-07-09 04:34:23,-22.3285,24.6849,314,1,31,282,Botswana,13.352469037367776,0.3184713375796178
,,,Brunei,2020-07-09 04:34:23,4.5353,114.7277,141,3,138,0,Brunei,32.229823787438605,2.127659574468085
,,,Bulgaria,2020-07-09 04:34:23,42.7339,25.4858,6342,259,3166,2917,Bulgaria,91.27221989956026,4.083885209713024
,,,Burkina Faso,2020-07-09 04:34:23,12.2383,-1.5616,1003,53,861,89,Burkina Faso,4.798290488219121,5.284147557328016
,,,Burma,2020-07-09 04:34:23,21.9162,95.956,317,6,250,61,Burma,0.5826156959903211,1.8927444794952681
,,,Burundi,2020-07-09 04:34:23,-3.3731,29.9189,191,1,118,72,Burundi,1.6062864163422066,0.5235602094240838
,,,Cabo Verde,2020-07-09 04:34:23,16.5388,-23.0418,1542,18,730,794,Cabo Verde,277.3441153406189,1.1673151750972763
,,,Cambodia,2020-07-09 04:34:23,11.55,104.9167,141,0,131,10,Cambodia,0.8433533379536337,0.0
,,,Cameroon,2020-07-09 04:34:23,3.8480000000000003,11.5021,14916,359,11525,3032,Cameroon,56.18954425442698,2.406811477607938
,,,Central African Republic,2020-07-09 04:34:23,6.6111,20.9394,4109,52,1050,3007,Central African Republic,85.07662072101245,1.2655147237770747
,,,Chad,2020-07-09 04:34:23,15.4542,18.7322,873,74,788,11,Chad,5.314790538503953,8.47651775486827
,,,Comoros,2020-07-09 04:34:23,-11.6455,43.3333,313,7,272,34,Comoros,35.99376721347293,2.236421725239617
,,,Congo (Brazzaville),2020-07-09 04:34:23,-0.228,15.8277,1821,47,525,1249,Congo (Brazzaville),33.000537142186104,2.5809994508511807
,,,Congo (Kinshasa),2020-07-09 04:34:23,-4.0383,21.7587,7432,182,3226,4024,Congo (Kinshasa),8.298217388374129,2.448869752421959
,,,Costa Rica,2020-07-09 04:34:23,9.7489,-83.7534,5836,25,1929,3882,Costa Rica,114.5635924127336,0.4283755997258396
,,,Cote d'Ivoire,2020-07-09 04:34:23,7.54,-5.5471,11504,78,5571,5855,Cote d'Ivoire,43.61164632638032,0.6780250347705146
,,,Croatia,2020-07-09 04:34:23,45.1,15.2,3325,114,2277,934,Croatia,80.99349421280168,3.4285714285714284
,,,Cuba,2020-07-09 04:34:23,21.521757,-77.78116700000002,2399,86,2242,71,Cuba,21.180200688360934,3.5848270112546894
,,,Cyprus,2020-07-09 04:34:23,35.1264,33.4299,1008,19,839,150,Cyprus,83.48787148168606,1.8849206349206349
,,,Czechia,2020-07-09 04:34:23,49.8175,15.472999999999999,12814,351,8010,4453,Czechia,119.65656492839376,2.7391915092867176
,,,Denmark,2020-07-09 04:34:23,56.2639,9.5018,12900,609,12001,290,Denmark,222.71318874701043,4.72093023255814
,,,Diamond Princess,2020-07-09 04:34:23,,,712,13,651,48,Diamond Princess,,1.8258426966292134
,,,Djibouti,2020-07-09 04:34:23,11.8251,42.5903,4889,55,4644,190,Djibouti,494.8370549857187,1.1249744323992636
,,,Dominica,2020-07-09 04:34:23,15.415,-61.371,18,0,18,0,Dominica,25.003125390673837,0.0
,,,Dominican Republic,2020-07-09 04:34:23,18.7357,-70.1627,39588,829,20056,18703,Dominican Republic,364.9368578482996,2.0940689097706375
,,,Ecuador,2020-07-09 04:34:23,-1.8312,-78.1834,63245,4873,29071,29301,Ecuador,358.46956253620397,7.704956913590007
,,,Egypt,2020-07-09 04:34:23,26.820553000000004,30.802497999999996,78304,3564,22241,52499,Egypt,76.51776695272264,4.551491622394769
,,,El Salvador,2020-07-09 04:34:23,13.7942,-88.8965,8566,235,5133,3198,El Salvador,132.0649791765627,2.743404155965445
,,,Equatorial Guinea,2020-07-09 04:34:23,1.6508,10.2679,3071,51,842,2178,Equatorial Guinea,218.89043717502327,1.660696841419733
,,,Eritrea,2020-07-09 04:34:23,15.1794,39.7823,215,0,56,159,Eritrea,6.06243974569334,0.0
,,,Estonia,2020-07-09 04:34:23,58.5953,25.0136,2003,69,1882,52,Estonia,150.99442986598962,3.4448327508736893
,,,Eswatini,2020-07-09 04:34:23,-26.5225,31.4659,1138,14,588,536,Eswatini,98.08958043862765,1.2302284710017575
,,,Ethiopia,2020-07-09 04:34:23,9.145,40.4897,6774,120,2430,4224,Ethiopia,5.892300694907884,1.7714791851195748
,,,Fiji,2020-07-09 04:34:23,-17.7134,178.065,21,0,18,3,Fiji,2.3425891634056337,0.0
,,,Finland,2020-07-09 04:34:23,61.92411,25.748151,7265,329,6800,136,Finland,131.1201905601404,4.52856159669649
,,,France,2020-07-09 04:34:23,46.2276,2.2137,196796,29846,72133,94817,France,301.4944254876312,15.165958657696295
,,,Gabon,2020-07-09 04:34:23,-0.8037,11.6094,5871,46,2682,3143,Gabon,263.7788624665726,0.7835121785045137
,,,Gambia,2020-07-09 04:34:23,13.4432,-15.3101,61,3,27,31,Gambia,2.5241407162932044,4.918032786885246
,,,Georgia,2020-07-09 04:34:23,42.3154,43.3569,963,15,841,107,Georgia,24.14032976743312,1.557632398753894
,,,Ghana,2020-07-09 04:34:23,7.9465,-1.0232,22822,129,17564,5129,Ghana,73.44653041415933,0.5652440627464727
,,,Greece,2020-07-09 04:34:23,39.0742,21.8243,3622,193,1374,2055,Greece,34.74988525438221,5.328547763666482
,,,Grenada,2020-07-09 04:34:23,12.1165,-61.678999999999995,23,0,23,0,Grenada,20.44099218798603,0.0
,,,Guatemala,2020-07-09 04:34:23,15.7835,-90.2308,25411,1053,3718,20640,Guatemala,141.8375427358788,4.1438746999331
,,,Guinea,2020-07-09 04:34:23,9.9456,-9.6966,5697,34,4577,1086,Guinea,43.37996063594093,0.5968053361418291
,,,Guinea-Bissau,2020-07-09 04:34:23,11.8037,-15.1804,1790,25,760,1005,Guinea-Bissau,90.95537698717173,1.3966480446927374
,,,Guyana,2020-07-09 04:34:23,4.860416000000002,-58.93018000000001,284,16,125,143,Guyana,36.10663662865723,5.633802816901408
,,,Haiti,2020-07-09 04:34:23,18.9712,-72.2852,6486,123,2181,4182,Haiti,56.88209803909359,1.8963922294172062
,,,Holy See,2020-07-09 04:34:23,41.9029,12.4534,12,0,12,0,Holy See,1483.3127317676144,0.0
,,,Honduras,2020-07-09 04:34:23,15.2,-86.2419,25978,694,2721,22563,Honduras,262.28196007353347,2.671491261836939
,,,Hungary,2020-07-09 04:34:23,47.1625,19.5033,4210,589,2885,736,Hungary,43.580201545492656,13.990498812351545
,,,Iceland,2020-07-09 04:34:23,64.9631,-19.0208,1880,10,1850,20,Iceland,550.9157509157509,0.5319148936170213
,,,Indonesia,2020-07-09 04:34:23,-0.7893,113.9213,68079,3359,31585,33135,Indonesia,24.88962370090881,4.933973765772118
,,,Iran,2020-07-09 04:34:23,32.427908,53.68804599999999,248379,12084,209463,26832,Iran,295.71409401453,4.8651456040969645
,,,Iraq,2020-07-09 04:34:23,33.223191,43.679291,67442,2779,37879,26784,Iraq,167.67231019909428,4.120577681563417
,,,Ireland,2020-07-09 04:34:23,53.1424,-7.6921,25542,1738,23364,440,Ireland,517.2753187859523,6.804478897502153
,,,Israel,2020-07-09 04:34:23,31.046051000000002,34.851612,33557,344,18338,14875,Israel,387.6938483683457,1.0251214351700093
,,,Jamaica,2020-07-09 04:34:23,18.1096,-77.2975,751,10,600,141,Jamaica,25.36167401907563,1.3315579227696406
,,,Jordan,2020-07-09 04:34:23,31.24,36.51,1169,10,977,182,Jordan,11.457257275701402,0.8554319931565441
,,,Kazakhstan,2020-07-09 01:33:51,48.0196,66.9237,51059,264,16298,34497,Kazakhstan,271.9273406140917,0.5170489042088564
,,,Kenya,2020-07-09 04:34:23,-0.0236,37.9062,8528,169,2593,5766,Kenya,15.859761620046381,1.9817073170731707
,,,"Korea, South",2020-07-09 04:34:23,35.90775700000001,127.766922,13293,287,12019,987,"Korea, South",25.92785611582693,2.159031068983676
,,,Kosovo,2020-07-09 04:34:23,42.602636,20.902977,3886,82,2003,1801,Kosovo,214.65272768048007,2.110138960370561
,,,Kuwait,2020-07-09 04:34:23,29.311659999999996,47.481766,52007,379,42108,9520,Kuwait,1217.8019619427228,0.7287480531466918
,,,Kyrgyzstan,2020-07-09 04:34:23,41.20438,74.766098,8847,116,3053,5678,Kyrgyzstan,135.60301959277402,1.3111789307109756
,,,Laos,2020-07-09 04:34:23,19.856270000000002,102.495496,19,0,19,0,Laos,0.261148426319583,0.0
,,,Latvia,2020-07-09 04:34:23,56.8796,24.6032,1141,30,1008,103,Latvia,60.491930344682075,2.629272567922875
,,,Lebanon,2020-07-09 04:34:23,33.8547,35.8623,1946,36,1368,542,Lebanon,28.51097408783197,1.8499486125385407
,,,Lesotho,2020-07-09 04:34:23,-29.609988,28.233608,91,0,11,80,Lesotho,4.247866264099648,0.0
,,,Liberia,2020-07-09 04:34:23,6.4280550000000005,-9.429499,926,41,395,490,Liberia,18.308800660856754,4.427645788336933
,,,Libya,2020-07-09 04:34:23,26.3351,17.228331,1268,36,306,926,Libya,18.453602651148177,2.8391167192429023
,,,Liechtenstein,2020-07-09 04:34:23,47.14,9.55,84,1,81,2,Liechtenstein,220.2585415737997,1.1904761904761905
,,,Lithuania,2020-07-09 04:34:23,55.1694,23.8813,1854,79,1552,223,Lithuania,68.10440177042058,4.261057173678533
,,,Luxembourg,2020-07-09 04:34:23,49.8153,6.1296,4650,110,4056,484,Luxembourg,742.8399810855368,2.3655913978494625
,,,MS Zaandam,2020-07-09 04:34:23,,,9,2,0,7,MS Zaandam,,22.22222222222222
,,,Madagascar,2020-07-09 04:34:23,-18.766947000000002,46.869107,3573,33,1761,1779,Madagascar,12.90310046011669,0.9235936188077246
,,,Malawi,2020-07-09 04:34:23,-13.254307999999998,34.301525,1864,24,345,1495,Malawi,9.743880735736179,1.2875536480686696
,,,Malaysia,2020-07-09 04:34:23,4.210483999999999,101.97576600000001,8677,121,8486,70,Malaysia,26.80899875233261,1.3944911835887979
,,,Maldives,2020-07-09 04:34:23,3.2028,73.2207,2517,13,2180,324,Maldives,465.64374276189454,0.5164878823996821
,,,Mali,2020-07-09 04:34:23,17.570692,-3.996166000000001,2358,120,1597,641,Mali,11.64396488559434,5.089058524173028
,,,Malta,2020-07-09 04:34:23,35.9375,14.3754,673,9,654,10,Malta,152.42141690767974,1.337295690936107
,,,Mauritania,2020-07-09 04:34:23,21.0079,-10.9408,5087,139,1994,2954,Mauritania,109.40584902982157,2.7324552781600158
,,,Mauritius,2020-07-09 04:34:23,-20.348404000000002,57.552152,342,10,330,2,Mauritius,26.891718372940954,2.9239766081871346
,,,Moldova,2020-07-09 04:34:23,47.4116,28.3699,18471,614,11549,6308,Moldova,457.8871943049552,3.324129716853446
,,,Monaco,2020-07-09 04:34:23,43.7333,7.4167,108,4,95,9,Monaco,275.2013046580369,3.7037037037037037
,,,Mongolia,2020-07-09 04:34:23,46.8625,103.8467,227,0,197,30,Mongolia,6.924337429368707,0.0
,,,Montenegro,2020-07-09 04:34:23,42.708678000000006,19.37439,960,17,320,623,Montenegro,152.8511516378956,1.7708333333333333
,,,Morocco,2020-07-09 04:34:23,31.7917,-7.0926,14771,242,11316,3213,Morocco,40.01836005838764,1.6383454065398415
,,,Mozambique,2020-07-09 04:34:23,-18.665695,35.529562,1071,8,337,726,Mozambique,3.426604045024489,0.7469654528478058
,,,Namibia,2020-07-09 04:34:23,-22.9576,18.4904,593,0,25,568,Namibia,23.338040297278614,0.0
,,,Nepal,2020-07-09 04:34:23,28.1667,84.25,16423,35,7752,8636,Nepal,56.365131005427905,0.2131157522986056
,,,Netherlands,2020-07-09 04:34:23,52.1326,5.2913,50746,6135,0,44611,Netherlands,296.1562656460892,12.089622827414969
,,,New Zealand,2020-07-09 04:34:23,-40.9006,174.886,1540,22,1494,24,New Zealand,31.935412494584977,1.4285714285714286
,,,Nicaragua,2020-07-09 04:34:23,12.865416,-85.207229,2846,91,1993,762,Nicaragua,42.96138275874874,3.197470133520731
,,,Niger,2020-07-09 04:34:23,17.607789,8.081666,1097,68,976,53,Niger,4.531815160107336,6.198723792160438
,,,Nigeria,2020-07-09 04:34:23,9.082,8.6753,30249,684,12373,17192,Nigeria,14.674037355085998,2.261231776257066
,,,North Macedonia,2020-07-09 04:34:23,41.6086,21.7453,7406,359,3554,3493,North Macedonia,355.4800372471657,4.847421009991899
,,,Norway,2020-07-09 04:34:23,60.472,8.4689,8950,251,8138,561,Norway,165.09132040222516,2.804469273743017
,,,Oman,2020-07-09 04:34:23,21.512583,55.92325500000001,50207,233,32005,17969,Oman,983.1743959118179,0.4640787141235286
,,,Panama,2020-07-09 04:34:23,8.538,-80.7821,41251,819,19469,20963,Panama,956.0421325086306,1.9854064143899541
,,,Papua New Guinea,2020-07-09 04:34:23,-6.314993,143.95555,11,0,8,3,Papua New Guinea,0.12294586794026666,0.0
,,,Paraguay,2020-07-09 04:34:23,-23.4425,-58.4438,2554,20,1212,1322,Paraguay,35.80777087513126,0.7830853563038371
,,,Philippines,2020-07-09 04:34:23,12.879721,121.77401699999999,50359,1314,12588,36457,Philippines,45.95592387135061,2.6092654738974166
,,,Poland,2020-07-09 04:34:23,51.9194,19.1451,36689,1542,24878,10269,Poland,96.94132406328123,4.202894600561476
,,,Portugal,2020-07-09 04:34:23,39.3999,-8.2245,44859,1631,29714,13514,Portugal,439.9361480132753,3.635836732874117
,,,Qatar,2020-07-09 04:34:23,25.3548,51.1839,101553,138,96107,5308,Qatar,3524.848493262896,0.135889633984225
,,,Romania,2020-07-09 04:34:23,45.9432,24.9668,30175,1817,20799,7559,Romania,156.85361677150084,6.021541010770505
,,,Rwanda,2020-07-09 04:34:23,-1.9403,29.8739,1194,3,610,581,Rwanda,9.218504735369851,0.25125628140703515
,,,Saint Kitts and Nevis,2020-07-09 04:34:23,17.357822,-62.782998,16,0,15,1,Saint Kitts and Nevis,30.079711234772144,0.0
,,,Saint Lucia,2020-07-09 04:34:23,13.9094,-60.9789,22,0,19,3,Saint Lucia,11.980678433145087,0.0
,,,Saint Vincent and the Grenadines,2020-07-09 04:34:23,12.9843,-61.2872,29,0,29,0,Saint Vincent and the Grenadines,26.138606722128586,0.0
,,,San Marino,2020-07-09 04:34:23,43.9424,12.4578,698,42,656,0,San Marino,2056.6916141198667,6.017191977077364
,,,Sao Tome and Principe,2020-07-09 04:34:23,0.18636,6.613081,724,13,283,428,Sao Tome and Principe,330.35074671132185,1.7955801104972375
,,,Saudi Arabia,2020-07-09 04:34:23,23.885942,45.079162,220144,2059,158050,60035,Saudi Arabia,632.3457259143318,0.935296896576786
,,,Senegal,2020-07-09 04:34:23,14.4974,-14.4524,7657,141,5097,2419,Senegal,45.73000484354628,1.8414522659004833
,,,Serbia,2020-07-09 04:34:23,44.0165,21.0059,17076,341,13562,3173,Serbia,195.4363841751008,1.996954790349028
,,,Seychelles,2020-07-09 04:34:23,-4.6796,55.492,91,0,11,80,Seychelles,92.53609924750864,0.0
,,,Sierra Leone,2020-07-09 04:34:23,8.460555000000001,-11.779889,1584,63,1122,399,Sierra Leone,19.857126470715446,3.977272727272727
,,,Singapore,2020-07-09 04:34:23,1.2833,103.8333,45298,26,41323,3949,Singapore,774.2793884050902,0.05739767760166012
,,,Slovakia,2020-07-09 04:34:23,48.669,19.699,1798,28,1473,297,Slovakia,32.932556212924545,1.557285873192436
,,,Slovenia,2020-07-09 04:34:23,46.1512,14.9955,1763,111,1429,223,Slovenia,84.80315854486823,6.2960862166761205
,,,Somalia,2020-07-09 04:34:23,5.152149,46.199616,3028,92,1147,1789,Somalia,19.052150480025478,3.038309114927345
,,,South Africa,2020-07-09 04:34:23,-30.5595,22.9375,224665,3602,106842,114221,South Africa,378.80620866857794,1.6032759886942782
,,,South Sudan,2020-07-09 04:34:23,6.8770000000000024,31.307,2021,38,333,1650,South Sudan,18.054751906178893,1.880257298367145
,,,Sri Lanka,2020-07-09 04:34:23,7.873054,80.77179699999998,2094,11,1967,116,Sri Lanka,9.778991979265177,0.5253104106972302
,,,Sudan,2020-07-09 04:34:23,12.8628,30.2176,10084,636,5074,4374,Sudan,22.99696261755241,6.307021023403411
,,,Suriname,2020-07-09 04:34:23,3.9193,-56.0278,665,17,434,214,Suriname,113.35858473937752,2.556390977443609
,,,Switzerland,2020-07-09 04:34:23,46.8182,8.2275,32498,1966,29400,1132,Switzerland,375.49895327558073,6.049603052495538
,,,Syria,2020-07-09 04:34:23,34.802075,38.99681500000001,372,14,126,232,Syria,2.1256344833225405,3.763440860215054
,,,Taiwan*,2020-07-09 04:34:23,23.7,121.0,449,7,438,4,Taiwan*,1.8852258544660223,1.55902004454343
,,,Tajikistan,2020-07-09 04:34:23,38.861034000000004,71.276093,6364,54,5011,1299,Tajikistan,66.72508781520632,0.8485229415461973
,,,Tanzania,2020-07-09 04:34:23,-6.369028,34.888822,509,21,183,305,Tanzania,0.852107987092757,4.12573673870334
,,,Thailand,2020-07-09 04:34:23,15.870032,100.992541,3197,58,3074,65,Thailand,4.5802306699867446,1.8142008132624334
,,,Timor-Leste,2020-07-09 04:34:23,-8.874217,125.727539,24,0,24,0,Timor-Leste,1.820330359621432,0.0
,,,Togo,2020-07-09 04:34:23,8.6195,0.8248,695,15,475,205,Togo,8.395000348483109,2.158273381294964
,,,Trinidad and Tobago,2020-07-09 04:34:23,10.6918,-61.2225,133,8,117,8,Trinidad and Tobago,9.503455184777897,6.015037593984962
,,,Tunisia,2020-07-09 04:34:23,33.886917,9.537499,1221,50,1050,121,Tunisia,10.331157162368733,4.095004095004095
,,,Turkey,2020-07-09 04:34:23,38.9637,35.2433,208938,5282,187511,16145,Turkey,247.7357260781649,2.5280226670112667
,,,Uganda,2020-07-09 04:34:23,1.373333,32.290275,977,0,904,73,Uganda,2.1359393104654467,0.0
,,,United Arab Emirates,2020-07-09 04:34:23,23.424076,53.847818000000004,53045,327,42282,10436,United Arab Emirates,536.3281565962953,0.6164577245734754
,,,Uruguay,2020-07-09 04:34:23,-32.5228,-55.7658,974,29,871,74,Uruguay,28.0390485492959,2.97741273100616
,,,Uzbekistan,2020-07-09 04:34:23,41.377491,64.585262,11092,45,7060,3987,Uzbekistan,33.140918609973305,0.40569780021637214
,,,Venezuela,2020-07-09 04:34:23,6.4238,-66.5897,8008,75,2100,5833,Venezuela,28.161541890838645,0.9365634365634365
,,,Vietnam,2020-07-09 04:34:23,14.058323999999999,108.277199,369,0,347,22,Vietnam,0.3790891428941389,0.0
,,,West Bank and Gaza,2020-07-09 04:34:23,31.9522,35.2332,5029,20,494,4515,West Bank and Gaza,98.58047255899143,0.39769337840524954
,,,Western Sahara,2020-07-09 04:34:23,24.2155,-12.8858,10,1,8,1,Western Sahara,1.674116485025028,10.0
,,,Yemen,2020-07-09 04:34:23,15.552726999999999,48.516388,1318,351,595,372,Yemen,4.4189680616568765,26.631259484066767
,,,Zambia,2020-07-09 04:34:23,-13.133897,27.849332,1895,42,1348,505,Zambia,10.307901085054816,2.216358839050132
,,,Zimbabwe,2020-07-09 04:34:23,-19.015438,29.154857,885,9,206,670,Zimbabwe,5.954412613343253,1.0169491525423728
